smiles,QED,Predicted QED
"CC(C)(C)c1ccc2occ(CC(=O)Nc3ccccc3F)c2c1
",0.702012232801,0.7319008436872338
"C[C@@H]1CC(Nc2cncc(-c3nncn3C)c2)C[C@@H](C)C1
",0.928975488089,0.9411116113894995
"N#Cc1ccc(-c2ccc(O[C@@H](C(=O)N3CCCC3)c3ccccc3)cc2)cc1
",0.599681738168,0.626104542084784
"CCOC(=O)[C@@H]1CCCN(C(=O)c2nc(-c3ccc(C)cc3)n3c2CCCCC3)C1
",0.690944353014,0.716224500059291
"N#CC1=C(SCC(=O)Nc2cccc(Cl)c2)N=C([O-])[C@H](C#N)C12CCCCC2
",0.7890271545540001,0.8095718119534945
"CC[NH+](CC)[C@](C)(CC)[C@H](O)c1cscc1Br
",0.824368801371,0.8271497220047329
"COc1ccc(C(=O)N(C)[C@@H](C)C/C(N)=N/O)cc1O
",0.327296942917,0.32273199939356534
"O=C(Nc1nc[nH]n1)c1cccnc1Nc1cccc(F)c1
",0.6876120611859999,0.6867867336169149
"Cc1c(/C=N/c2cc(Br)ccn2)c(O)n2c(nc3ccccc32)c1C#N
",0.483078613889,0.5036973395225374
"C[C@@H]1CN(C(=O)c2cc(Br)cn2C)CC[C@H]1[NH3+]
",0.8350242768889999,0.8223798445329893
"CCOc1ccc(OCC)c([C@H]2C(C#N)=C(N)N(c3ccccc3C(F)(F)F)C3=C2C(=O)CCC3)c1
",0.533054502614,0.5421263113281531
"Cc1ccc2nc(S[C@H](C)C(=O)NC3CCC(C)CC3)n(C)c(=O)c2c1
",0.645397634811,0.6588013717387127
"O=C(N1CCc2c(F)ccc(F)c2C1)C1(O)Cc2ccccc2C1
",0.873135845828,0.8726164758190363
"Cc1ccccc1C(=O)N1CCC2(CC1)C[C@H](c1ccccc1)C(=O)N2C
",0.7978038350550001,0.8187136531953374
"CCCc1cc(NC(=O)CN2C(=O)NC3(CCC(C)CC3)C2=O)n(C)n1
",0.787345956039,0.7819128540578172
"CC(C)Cc1nc(SCC(=O)NC[C@@H]2CCCO2)c2c(=O)n(C)c(=O)n(C)c2n1
",0.525052380159,0.5154656255830778
"Cc1ccc(CNC(=O)c2ccccc2NC(=O)[C@@H]2CC(=O)N(c3ccc(C)cc3)C2)cc1
",0.577048775827,0.601076170634872
"CCCCC(=O)NC(=S)Nc1ccccc1C(=O)N1CCOCC1
",0.800069612705,0.7973995931269556
"Cc1c(NC(=O)CSc2nc3sc4c(c3c(=O)[nH]2)CCCC4)c(=O)n(-c2ccccc2)n1C
",0.329473892012,0.33609250994633344
"CC(C)[C@@H](Oc1cccc(Cl)c1)C(=O)N1CCC(n2cccn2)CC1
",0.788499104818,0.8132683091617726
"CCN(CC)C(=O)C[C@@H](C)[NH2+][C@H](C)c1cccc(F)c1F
",0.8254878080220001,0.8234591767047496
"Cc1nc2c(c(Nc3ncc(C)s3)n1)CCN(C(=O)CCc1ccccc1)C2
",0.691789680398,0.7136614723335228
"O=C(NCCNC(=O)N1C[C@H]2CC=CC[C@@H]2C1)c1cccnc1
",0.658574943009,0.6518361323758888
"O=c1n(CCO)c2ccccc2n1CCO
",0.7765984687690001,0.7516963231879693
"COC(=O)Cc1csc(NC(=O)Cc2coc3cc(C)ccc23)n1
",0.7104289086300001,0.7193882945960446
"Cc1ccc(N2CC[C@@H](NS(=O)(=O)c3ccccc3C)C2=O)cc1C
",0.909748572395,0.9137419381542725
"CC[C@H](C)C[C@@H](C)NC(=O)N1CCN(CC(=O)NC2CC2)CC1
",0.751938376416,0.744231183687065
"CC(=O)Nc1c2n(c3ccccc13)C[C@](C)(C(=O)NC1CCCCC1)N(C1CCCCC1)C2=O
",0.663239457023,0.6938903397751818
"N#Cc1ccncc1NC[C@@H]1C[C@@]12CCc1ccccc12
",0.919377068947,0.9349017245983078
"Cc1cccn2c(=O)c(C(=O)NC[C@H]3CCO[C@@H]3C(C)C)cnc12
",0.934718058892,0.928116407710322
"CNC(=O)c1ccc(/C=C/C(=O)Nc2c(C)cc(C)nc2Cl)cc1
",0.64765252107,0.6601699658013098
"CC1=C(CNC(=O)c2cc(-c3ccccc3)nc3c2CNN3C(C)C)CN=N1
",0.819556620415,0.8373244523964933
"C[C@@H](NC(=O)COC(=O)/C=C/c1ccc(Cl)cc1)c1ccccc1
",0.62222414602,0.6412616210675414
"CCc1ccc(N(Cc2ccc(C)s2)C(=O)c2ccc(=O)n(C)n2)cc1
",0.676122711054,0.6927908715521539
"CCOC(=O)c1nnc2ccccc2c1N1CC[C@@H]([NH+](CC)CC)C1
",0.810674072532,0.8016421490425746
"Cc1ccc(C#N)cc1S(=O)(=O)NCc1ccnc(OC(C)(C)C)c1
",0.878348029523,0.8859809278614853
"O=C(O[C@H]1CCOC1)C1(c2ccc(Cl)c(Cl)c2)CCC1
",0.773968195441,0.7970806332317928
"CCC[NH2+][C@@H]1COC[C@H]1C(=O)NCc1cscc1C
",0.820213964575,0.8057363124882345
"O=C(NCc1nccc2ccccc12)c1ccc[nH]c1=O
",0.773066837821,0.7680248944641384
"CC(=O)c1ccc(S(=O)(=O)N2CCCC[C@H]2C)cc1
",0.7993128200730001,0.7996663925137543
"O=[N+]([O-])c1c(Nc2cccc3ncccc23)ncnc1N1CCN(c2cccc(Cl)c2)CC1
",0.32317117146,0.33815514922987117
"O=C(CCCO)Nc1ccc(F)cc1F
",0.8088101174779999,0.8022630421457203
"NC(=O)CCOc1ccc(NC(=O)C[C@H]2CCc3ccccc32)cc1
",0.805668066284,0.8140889153233312
"COc1cc(C)ccc1OCC(=O)Nc1nnc(C)s1
",0.917216910918,0.9143568115516001
"CC(=O)c1c(O)cccc1COc1ccccc1
",0.825498390511,0.8374728849440836
"CCn1cc(S(=O)(=O)N2CCCCC[C@@H]2c2cc(-c3ccc(F)cc3)no2)cn1
",0.603371327782,0.6254906868242681
"COC(=O)[C@](NC(=O)c1cccc(Cl)c1)(Nc1ccc(Br)c[nH+]1)C(F)(F)F
",0.515070001613,0.5227468859113461
"Cc1[nH]c2ccc(C(=O)Nc3cc(C(C)(C)C)nn3-c3ncccn3)cc2c1C
",0.524623808578,0.5472752694000551
"Cc1noc(C)c1C[C@H](C)C(=O)N[C@@H](C)C1CCCCC1
",0.880927541311,0.9025330611488944
"CCn1cc(C(=O)N[C@H]2CC(=O)N(C)C2)c(C(C)C)n1
",0.905427325234,0.8927022642029626
"COc1cccc(-c2cncc3ccccc23)c1C(=O)N(C(C)C)C(C)C
",0.60464048334,0.6287330925415646
"COc1ccc([C@@H](C)NC(=O)Cc2cccc3ccccc23)cc1
",0.731482566718,0.7625341294742655
"O=C1C[C@H](c2nc(-c3cccnc3)no2)CN1c1cccc(Cl)c1
",0.718284169172,0.7310808558462086
"C[C@H]1CCCN(c2ccc(C(=O)Nc3ccc(N4CCOCC4)cc3)cc2[N+](=O)[O-])C1
",0.558887789526,0.5781886196070111
"C=CCN(C(=O)C/C=C/c1ccc(C)cc1)[C@@H]1CCS(=O)(=O)C1
",0.749990615945,0.7520497671398747
"O=C(CSc1nnc(-c2cccc([N+](=O)[O-])c2)o1)Nc1nncs1
",0.397216718992,0.3961964443313553
"CN(CCc1ccc(F)cc1)c1cc(Br)cc(F)c1C(N)=O
",0.857208289245,0.8770526940955576
"COc1ccccc1NC(=O)CSc1ccc(-c2ccccc2OC)nn1
",0.6056206254300001,0.6260820002001453
"Cc1occc1C(=O)/C(C#N)=C\c1cccc(C(F)(F)F)c1
",0.459245476419,0.4796668253772327
"COc1ccc2c(c1)N(C(=O)CCSc1ccccn1)C[C@@H](C)O2
",0.763182586589,0.7784015301700377
"CC[C@@H](NC(=O)[C@H](C)n1cccn1)c1ccc(C)c(F)c1
",0.905928017632,0.9187463763828441
"CCC[C@]1(C(=O)N[C@@H]2CONC2=O)CC[NH2+]C1
",0.582060686386,0.5484683874040223
"O=C(c1cc2cc([N+](=O)[O-])ccc2oc1=O)N1CCN(Cc2ccccc2)CC1
",0.38261650346,0.3840506304344226
"CCn1c(CC2CC[NH2+]CC2)nn(CCO)c1=O
",0.716650076078,0.6772866916988728
"C=CCn1c(S[C@H](C)C(=O)N2CCC(C)CC2)nnc1-c1ccc(Cl)cc1
",0.501178083184,0.5241289080743604
"CCO[C@H]1C(=O)O[C@H]([C@@H](O)CO)C1=O
",0.441573893526,0.41596750554458845
"Cc1ccc(-c2nnc(C[NH+](CCO)[C@H]3CCc4ccccc43)o2)cc1
",0.717526247535,0.714706198609704
"Cc1cc(-n2c(C)cc(C[NH2+][C@H](C)c3ccc(F)c(F)c3)c2C)no1
",0.751491742948,0.768647059453328
"C[C@@H](NC(=O)Nc1ccn(-c2ncccc2Cl)n1)[C@@H]1CCCO1
",0.89693684669,0.8995436702548725
"COc1cc(S(=O)(=O)N2CCN=C2Cc2ccccc2)ccc1Cl
",0.8106405219380001,0.819018633782502
"COc1ccc(OC)c(/C=C2\Oc3cc(OC(=O)c4ccncc4)cc(C)c3C2=O)c1
",0.334645107313,0.34869205161985223
"COc1ccc([C@@H](NC(=O)Nc2cc(C)ccc2Cl)C2CCOCC2)cc1
",0.729271417168,0.7616411160586861
"C[C@H](Cc1cccs1)N(C)C[C@@H]1CCCC[C@@H]1[NH3+]
",0.872582240167,0.8724561753062872
"C[C@H]([NH3+])c1nc2cc(C(F)(F)F)ccc2n1C
",0.822746694933,0.8177043409892543
"COc1cccc(CN2CCc3nnc(CCc4ccccc4)n3CC2)c1
",0.666729068135,0.6757000870751031
"O=C(N[C@H]1CCS(=O)(=O)C1)C1CC[NH2+]CC1
",0.645282287439,0.6079492202776005
"COCC[C@H](C)C(=O)N[C@@H](C)COC
",0.676564526326,0.66580631441207
"Cc1cc(N(C)C)ccc1NC(=O)c1ccc(CN2CC[NH+](C)CC2)cc1
",0.851286712177,0.8441630317749467
"C[C@H](CNC(=O)[C@H]1CC[NH2+][C@@H]1C)C[NH+]1CCCC1
",0.576685415767,0.5438606289899274
"CN(C)c1ccc([C@H](CNC(=O)C(=O)Nc2ccccc2C#N)N2CC[NH+](C)CC2)cc1
",0.579668574681,0.5660136981042174
"CCOc1ncnc(S(=O)(=O)CC)c1N
",0.7642182058920001,0.7462225279306665
"CC[C@@H](NC(=O)N(C)Cc1ccc(-c2ccccc2)cc1)c1ccncc1
",0.642431970663,0.6699023989644768
"O=C(Nc1ccc(-c2nc3ccccc3o2)cc1)[C@H]1CCCN1S(=O)(=O)c1ccc(F)cc1
",0.450695310807,0.47090120236464755
"CC[C@@H](C)CNc1nc2ccc(Cl)cc2s1
",0.8370705890960001,0.8744122939700982
"Cc1cc(C)c2nc(N3CCN(C(=O)[C@@H]4CCCCN4S(C)(=O)=O)CC3)sc2c1
",0.7390813458550001,0.7386054625003796
"CCc1nnc(-c2cc3ccccc3n2CC(=O)NC(C)(C)C)o1
",0.787717875033,0.7990408335824094
"CCc1ccc(NC(=O)c2nn(-c3ccc(CC)cc3)ccc2=O)cc1
",0.747260890037,0.7667188699983047
"Cc1ccc(C(=O)N[C@H]2CCC[NH2+][C@H]2C)cc1F
",0.819948370952,0.808354474265717
"C[C@H](OC(=O)c1nc(C2CC2)n2ccccc12)c1cnc2ccccc2c1
",0.475726971082,0.49778803770825986
"CCCCOc1ccccc1C[C@@H]([NH3+])C(=O)[O-]
",0.6876210109469999,0.6653069427447761
"CCC[C@@H]1CN(C(=O)C(=O)Nc2ccc(C)nc2Cl)CCO1
",0.6847982187880001,0.6813748354774066
"C[C@H]1C(=O)N(c2ccc3c(c2)CCC3)CCN1C(=O)c1ccc(Cl)c(Cl)c1
",0.716369015027,0.7478527915565668
"COC(=O)C1(NC(=O)[C@H]2C[C@H]2c2c(F)cccc2F)CCSCC1
",0.841265298169,0.8439021424573283
"N#CC1(NC(=O)COc2cccc(Cl)c2)CCCC1
",0.917283254473,0.9209160926392551
"COC1CC[NH+](CCNc2nccn(C)c2=O)CC1
",0.747303850253,0.7098239249717402
"C=CCN(Cc1cccc([N+](=O)[O-])c1)C(=O)Nc1cc(OC)ccc1Cl
",0.419976941352,0.4390394481287209
"Cc1cc(Cl)ccc1OCC(=O)N/N=C/c1ccccn1
",0.680287857985,0.6818494782988227
"O=C1NC(=S)NC(=O)C1=CNc1ccc([N+](=O)[O-])cc1O
",0.159707353629,0.15561043020860948
"Cc1c(C(=O)N2CCOCC2)oc2c1-c1nn(CC(=O)NCc3ccco3)cc1CC2
",0.675384645222,0.6714852607763295
"CCc1ccc(CNC(=O)c2ccc(-c3nccnc3N3CCCCC3)cc2)cc1
",0.6265585492769999,0.6555767126203751
"COc1ccc([C@H]2C[C@@H](C(F)(F)F)n3nc(C(=O)NC4CCCCC4)cc3N2)cc1OC
",0.661591299118,0.6922265047898396
"CCCc1cc(C(=O)NNC(=O)c2cccc(Br)c2)[nH]n1
",0.7405086297779999,0.738360855138673
"O=[N+]([O-])c1c(Nc2ccc(F)c(F)c2)ncnc1Oc1cccc2cccnc12
",0.367228561855,0.38420683592197213
"CC(C)(C)n1ncc2c1CCC[C@H]2NC(=O)CSc1nc2ccccc2o1
",0.661483078099,0.6867314867658676
"Cc1ccc([C@@H](C)NC(=O)N[C@@H](CCO)c2cccs2)cc1
",0.744714108682,0.7626780895793628
"CCN(CC)S(=O)(=O)c1ccc2nc(-c3ccncc3)cc(C(=O)[O-])c2c1
",0.645769882849,0.6406255183725036
"CCCN(CC)c1cc[nH+]c(C(=O)[O-])c1
",0.707767716171,0.6892790401674749
"Cc1ccccc1N1C(=O)C[C@H]([NH+](C2CCCCC2)C2CCCCC2)C1=O
",0.8165930852750001,0.8285065053656439
"CS(=O)(=O)[C@H]1O[C@H]1c1ccc(Cl)cc1Cl
",0.772831169205,0.7729828471817598
"C[C@H](CSc1ccc(C(=O)N(C)C)cn1)C(=O)[O-]
",0.73266703389,0.7155388290337206
"CCOC(=O)[C@H]1C=C(C#N)O[C@@H](c2ccc(C)cc2)C1
",0.783751648757,0.7927116720177811
"CCC[NH2+]C1CCC(O)(Cc2nc(C)cs2)CC1
",0.86081466371,0.8535930626087016
"O=C1c2ccccc2N[C@H](CSC2=NC=NC3=NC=N[C@@H]32)N1c1ccc(Cl)cc1
",0.7946913386869999,0.8178461217507909
"CCc1nc2ccccc2c(C(=O)NCc2ccc(OC)c(C(=O)OC)c2)c1C
",0.625191236069,0.6452938314356759
"Cc1nn(-c2nncc(-c3ccc(Cl)cc3)n2)c2c1[C@H](c1ccccc1)CC(=O)N2
",0.520607325866,0.5415950427973503
"CC(C)NC(=O)Nc1cccc(C(=O)N(C)Cc2nnc(C3CC3)n2C)c1
",0.816205452369,0.8170817438575245
"Cc1nnccc1C(=O)N[C@H](C)c1ccc(Cl)s1
",0.931306706697,0.9408668131435607
"O=C(NCCCc1nc(-c2ccc(Br)o2)no1)C1CC1
",0.8160144198989999,0.8176045614726398
"CCOc1cccc(NC(=O)CCc2ccc(N)cc2)c1
",0.7876469123459999,0.8003396810237065
"COc1ccc(/C=C2/SC(=O)N(CC(=O)Nc3ccc(F)cc3)C2=O)cc1OC
",0.70901292722,0.725675859324769
"CC(C)N(C)C(=O)[C@H]1CSCN1C(=O)/C=C/SCc1ccco1
",0.730904619958,0.7354553810922273
"CCC1(CC)[C@@H](NC(=O)Nc2ccc(C(=O)NC)cc2)[C@H](C)[C@@H]1OC
",0.7321772116609999,0.7399595887630863
"Cc1ccc2ncc(C(=O)Nc3ncccc3OCc3ccncc3)n2c1
",0.58165899991,0.591403083763367
"N#Cc1ccnc(N2CCC([NH2+]C[C@@H]3CCCO3)CC2)c1
",0.899339408544,0.8835025436182533
"O=C(Cn1nnn(-c2cccs2)c1=O)OC1CCCCC1
",0.8056008937010001,0.7970064310373419
"COc1cccc(COc2ccc(OC)cc2CCl)c1
",0.725739701777,0.7526771316039665
"CC[C@H](NC(=O)NCc1c(C)noc1C)c1ccc(OC)cc1
",0.843359168866,0.8571992321613077
"CCc1c(C(=O)Nc2ccc3c(c2)NC(=O)CS3)[nH]c(C)c1C(C)=O
",0.7174040059739999,0.7316741785906896
"CSc1ccc(/C=c2\sc3ncnn3c2=O)cc1
",0.670538041677,0.6636856839942793
"COc1ccc(C(=O)/C=C(\C)Nc2ccc(F)cc2F)cc1
",0.6392706496980001,0.665201800595409
"O=C(C=C1CCSCC1)N[C@@H]1CCC[C@H]1Cc1ccccc1
",0.8225512208210001,0.8519654027593684
"C[C@@H](Sc1nc(/C=C/c2cccs2)n[nH]1)C(=O)N1CCOCC1
",0.839031406077,0.8384930134712456
"Cc1cccc(C(=O)N[C@@H](C(=O)N2CCC[C@@H](C)C2)C(C)C)c1
",0.918305854719,0.9280772076744367
"COC(=O)[C@@H](C)Sc1nnc(Nc2cccc(Br)c2)s1
",0.618511644336,0.6361347357182665
"Cc1cnc(C(=O)Nc2ccc(N(C)C3CC[NH+](C)CC3)cc2)cn1
",0.8876086519419999,0.8764950708852947
"CC(=O)Nc1nc2ccc(NC(=O)NCc3ccccc3)cc2s1
",0.662075821299,0.6787053939289376
"C=CCN1C(=O)/C(=C/c2ccccc2F)S/C1=N\S(=O)(=O)c1cccs1
",0.542446475661,0.5584530690191176
"CC[C@H]1CC(=O)N(Cc2ccccc2C#CCCO)C1
",0.8554081519560001,0.8527203652449699
"COc1ccc(F)cc1C(=O)Nc1nccs1
",0.911192738757,0.9128556813030219
"CC[C@@H](CC(=O)NC1(C(=O)OC)CCSCC1)c1ccccc1
",0.8009812455609999,0.8116652986011952
"Cc1ccc(C)c(-n2c(SCCCCCO)nc3ccccc3c2=O)c1
",0.369017613332,0.38460804899211276
"CC[C@@H](C)[C@@H]([NH3+])c1ccc(Cl)s1
",0.7806285635369999,0.7845482895420667
"COc1cccc([C@@H](C)[NH2+]CCOc2ncccc2Cl)c1
",0.7990748303440001,0.7993663322069552
"CC[C@@H]1CCCCN1C(=O)NC1CCN(C(=O)OC(C)(C)C)CC1
",0.823101572856,0.8389374306009648
"CCOc1cccc(NC(=O)NCc2ccc(N3CCSCC3)cc2)c1
",0.779269837941,0.8069929004135324
"Cc1cccc(NC(=O)CN2CCN(c3ccc4c(c3)OCCO4)C2=O)n1
",0.897040869424,0.8928593131670651
"C=C(C)C(=O)N[C@H](C)c1nc2ccccc2n1CCC(=O)N1CCCCCC1
",0.757525043045,0.7766759851158798
"CCOC[C@H]1CC[NH+](Cc2ccc(-c3nc4ccccc4s3)o2)C1
",0.740130387788,0.7478368367885956
"CCOC(=O)[C@]1(Cc2cccc(Cl)c2)CCCN(C(=O)c2ccnn2C)C1
",0.72760148517,0.73690141291816
"Cc1ccc([N+](=O)[O-])cc1NC(=O)C(=O)N1CC[C@H]([NH+]2CCCC2)C1
",0.473266997774,0.46107836183588724
"CCOCCCNC(=O)N[C@@H]1CCC[C@@H](CC)C1
",0.6852256065860001,0.6880552313559165
"O=C(Cc1cccc(F)c1F)Nc1cccc(Br)n1
",0.86380775987,0.8791523942718713
"COc1ccccc1NC(=O)[C@@H]1CCCN(C(=O)Nc2cccs2)C1
",0.852565842501,0.8754702100461333
"C[C@H]1CCC[C@](C#N)([C@]2(O)CCCCC2(C)C)C1
",0.734387437105,0.7619358729582597
"O=C(NCc1ccc([N+]2=CCCC2)cc1)NC1(c2ccc(Cl)cc2)CC1
",0.725853331427,0.7575066419887344
"CCCC(=O)N[C@@H]1CCC[NH+](Cc2ncccc2C)C1
",0.850648366707,0.8375270213447643
"O=C(NCc1cccs1)C1(c2cccc(Cl)c2)CCC1
",0.86883167301,0.9034699820665338
"C[C@H]1CCC[C@H](NC(=O)[C@@H](C)Sc2ncn[nH]2)[C@@H]1C
",0.832942644507,0.830794070033916
"COc1ccc([C@@H]([NH2+]Cc2ccc(Cl)nc2)c2ccc(F)cc2)cc1
",0.662921755779,0.6825072119680692
"COc1cc(NC(=O)[C@H](C)Sc2ccccc2Cl)cc(OC)c1
",0.745687947907,0.7795313800430528
"CCN1CCC(=NNC(=O)c2ccccc2)CC1
",0.8316045550069999,0.8264534806456869
"CCCOc1ccc(Br)cc1C[NH+]1CCC([C@@H](C)O)CC1
",0.820134552689,0.8200393355097566
"Cc1cc2n(C[C@H](O)CO[C@H](c3ccccc3)c3ccccc3C)c(=O)c3ccccc3n2n1
",0.378783851818,0.39579910057061624
"CCc1ncc(CN(C)C(=O)Nc2c(C)ccc([N+](=O)[O-])c2C)s1
",0.634052109306,0.6555218035331514
"c1ccc2nc(NCCCc3nc4ccccc4[nH]3)cnc2c1
",0.540120423267,0.5533040377584489
"Cc1c([C@H](C)[NH2+]Cc2cccn2C)cnn1C
",0.849548171797,0.836786832841348
"CC(=O)N[C@@H](C(=O)NC1COC1)C(C)C
",0.696737142825,0.672619231283828
"O=C(Nc1ccccc1F)c1cc2ccccc2c2cccnc12
",0.516952569793,0.5407739441754676
"Cc1ccccc1N1C(=O)/C(=C/c2cccn2-c2cccc([N+](=O)[O-])c2)C([O-])=NC1=S
",0.26928944727,0.27315652235406573
"COCCN1C[C@H](C(=O)N(Cc2cccc(Cl)c2)C(C)C)CC1=O
",0.755728173443,0.757455387840929
"COc1ccc(NC(=O)N2CCN(C(=O)Cc3csc4ccccc34)CC2)cc1OC
",0.635303050969,0.6558423391628939
"C#CCN(C[C@H]1CCCO1)C(=O)N[C@@H](C)c1cccc([N+](=O)[O-])c1
",0.492476858019,0.4928940985321903
"Cc1cccc(C2=CCN(C(=O)Nc3ccc(C(N)=O)c(Cl)c3)CC2)c1
",0.82370915523,0.8552143033537049
"COCCCN1C(=O)c2ccc(C(=O)Nc3nc(-c4ccc(C)cc4)cs3)cc2C1=O
",0.431749639537,0.4475797791940752
"O=S(=O)(Nc1ccc(N2CCCS2(=O)=O)cc1)c1ccc(F)c(Cl)c1
",0.843147306013,0.8488056973699506
"O=C1/C(=C/c2ccccc2)Oc2c1ccc1c2CN(Cc2cccs2)CO1
",0.593809277845,0.6213187172542648
"CC[C@@H](C)[C@@H](NC(=O)c1cccc(F)c1)C(=O)N=c1[nH]c2ccccc2[nH]1
",0.640847266475,0.6462771757893211
"Cc1c(F)cc(N)cc1S(=O)(=O)N[C@@H](C)C1CC1
",0.826650065747,0.8208064734684422
"Cc1ccc(Cn2ncc3c(N)ncnc32)cc1
",0.744928232157,0.7394770494756868
"CCOC(=O)C(C)(C)c1nc(-c2ccccc2)no1
",0.788487273751,0.790358385403263
"CCOC(=O)c1sc(/C=C/c2nc3c(s2)CCC3)nc1C
",0.78198150305,0.8052601649024275
"C[C@@H]1CC[C@@H]([NH2+]C2CCC(NS(C)(=O)=O)CC2)c2ccccc21
",0.887206747502,0.883135364021452
"CN(C)S(=O)(=O)c1ccc(C(=O)N(C(=O)N2CCCCC2)c2ccccc2)cc1
",0.757064308207,0.7683387108591625
"CC[NH2+][C@@H](CC)c1ccccc1OCc1cccc(F)c1
",0.812182521804,0.8295245017103997
"C=CCOC(=O)C1=C(C)N=C2S[C@H](C)C(=O)N2[C@H]1c1ccc(F)cc1
",0.601939797643,0.6111102110524266
"CCC[NH2+][C@]1(C(=O)OCC)CC[C@H](n2cc(Cl)c(C)n2)C1
",0.820542360238,0.8151309680374436
"Cc1cc(NC(=O)CSc2nnc3c4ccccc4n(C)c3n2)ccc1Br
",0.457174590029,0.47697375586437823
"CCOC(=O)c1sc(NC(=O)c2ccc(-n3c(C)nc4ccccc4c3=O)cc2)cc1C
",0.435476280388,0.4553081204461536
"CC#CCC(=O)C1([NH+](CC)CC)CCCC1
",0.702172051834,0.693726463368408
"O=C(NCCCc1ccccc1)C1CCN(C(=O)[C@@H]2CC(=O)N(c3ccccc3)C2)CC1
",0.675219616425,0.6826935429258457
"O=Cc1ccc(OCc2ccn(-c3cccc(F)c3)n2)cc1
",0.6642113495499999,0.677747295024524
"Clc1ccccc1Cn1ccnc1
",0.7136186924950001,0.7153993578854191
"Cc1[nH]c(=O)c(C(=O)N2CCN(c3ccccc3)C(=O)C2)c(C)c1C
",0.912920757561,0.9064348995224448
"C[C@@H](NC(=O)NC[C@H]1CCCN(c2ncccn2)C1)C1CCOCC1
",0.855043975229,0.8491088912017712
"O=C(NCCS(=O)(=O)c1ccccc1)N1CCC[C@@H]2CCC[C@@H]21
",0.918002779985,0.9181696818490149
"Cc1ccc(-c2cc(NC(=O)C(C)C)c(=O)n(CC(=O)Nc3cccc(C)c3)n2)cc1
",0.618718991117,0.6374198106777574
"Cc1ccc(S(=O)(=O)N2CCN(C(=O)[C@H]3CCCC[C@@H]3C(=O)[O-])CC2)cc1C
",0.74437387278,0.7315225444856919
"CCc1ccc(-c2nc(C(=O)N3CCO[C@H](CC)C3)cs2)cc1
",0.837509655945,0.8596413512019171
"Cc1cc(C)cc(OCC(C)(C)C[NH2+]C2CC2)c1
",0.8217039512250001,0.8218514457653295
"CCOC(=O)[C@H](F)[C@@]1(O)CCC[NH+](C(C)C)CC1
",0.7254131164040001,0.706404101433007
"CCn1cc(/C=C/C(=O)c2ccc3ccccc3c2)cn1
",0.515665340409,0.5339059105898165
"CCC(CC)C(=O)Nc1cnn(-c2ccccc2F)c1
",0.891085647384,0.9088456747094427
"O=C1O[C@H](C(=O)Nc2ccnc3ccnn23)Cc2ccccc21
",0.731510788932,0.7242098235394545
"COCCn1nnnc1[C@@H](C(C)C)N1CCSCC1
",0.78948590376,0.7789849848468536
"O=C(NCCNS(=O)(=O)c1cccc(Cl)c1F)c1cccnc1
",0.775125126686,0.7682406758678221
"Cc1ccc(CNC(=O)NCc2nnc3n2CCC3)s1
",0.906335518166,0.8983705162519006
"C/C=C/C[C@]1(C(=O)[O-])CCN(C(=O)OC(C)(C)C)C1
",0.7320361492890001,0.7240021611055413
"O=C(N[C@@H](CO)c1ccco1)c1cc(Cl)ccc1OC1CCCC1
",0.809840923461,0.833365237880891
"Cc1cc(N(C)C)ccc1NC(=O)c1c[nH]c2nccc(Cl)c12
",0.7433601726960001,0.7675079352057304
"CCOC(=O)c1cccc(NC(=O)c2cn[nH]c2C)c1
",0.838794932463,0.8358506273850697
"CCC(CC)[S@](=O)CCC(=O)[O-]
",0.612832192332,0.5964189081679819
"COCc1ccc(C(=O)N(C)Cc2ccc(Cl)s2)cc1
",0.814100560616,0.840040308488615
"O=C(CCc1nc2ccccc2c(=O)[nH]1)Nc1cc(Cl)c(Cl)cc1Cl
",0.6119463632159999,0.6395825765857939
"CC[C@@H](C)NC(=O)c1ccc2c(c1)CCCN2S(C)(=O)=O
",0.929199940883,0.9237916115050981
"COc1ccc(C)cc1-n1nnnc1SCC(=O)Nc1cc(C)cc(C)c1
",0.645846701396,0.6577126892133156
"C[C@H](NC(=O)Cc1ccc[nH]1)C(=O)N1CCCC[C@H]1C
",0.883577214196,0.8748561523628273
"CCOC(=O)[C@H]1CCCN(C(=O)c2cc(C(C)C)n(C)n2)C1
",0.802111408858,0.7976920904379692
"C[C@H]([NH2+]Cc1nc(Cc2ccccc2)no1)[C@@H](C)n1cccn1
",0.7250286825839999,0.7185143500373739
"c1cc(CN2CC[NH+](Cc3ccc4c(c3)OCCO4)CC2)no1
",0.901741624847,0.8818777204235592
"CCCCNC(=O)CCc1c(C)nc2c3ccccc3nn2c1C
",0.6943056199590001,0.7074485919319182
"O=C(C[C@@H]1C[NH2+]CCO1)N[C@H]1C=CS(=O)(=O)C1
",0.637859288694,0.6013300559843813
"C[C@@H]1CCO[C@@H]1C(=O)N1CC[C@H](C(N)=O)c2ccccc21
",0.903394811691,0.8941374656635034
"CCC[NH2+][C@H](Cc1nn(C)c2ccccc12)c1ncc[nH]1
",0.727857679117,0.7212188183495608
"CC(C)c1noc(-c2cc[nH+]c(N3CCN(C(=O)[C@H]4C[C@H]4C)CC3)c2)n1
",0.841583959799,0.8371142511798844
"O=C(NCc1cccnc1)NCc1ccnc(OCC(F)F)c1
",0.821681596709,0.8185451432706508
"C[C@@H](NC(=O)N1CCCCCCC1)[C@@H]1CCCO1
",0.8211297565350001,0.822454120713249
"COc1ccc([C@H]2C(C(=O)NCc3ccccc3)=C(C)Nc3ncnn32)cc1OC
",0.6500247306979999,0.6554447237353592
"Cc1cc(=O)n2c(n1)SC[C@@H]2CC(=O)NCCC(C)C
",0.8469500852930001,0.8406454352333896
"CC(C)C1=CN=N[C@H]1[C@H]1CCC[NH+](C[C@@H](C)Cc2ccc3c(c2)OCO3)C1
",0.8217126082639999,0.8354589157424676
"COc1cc(CNC(=O)c2occc2Br)ccn1
",0.941966069768,0.9413577377380888
"Cc1cccc(COc2ccc(Br)cc2/C=C2\SC(=S)NC2=O)c1
",0.543590320984,0.5684679435556012
"O=C(N[C@@H]1CCO[C@@H]1c1ccc(Cl)c(F)c1)[C@H]1Cc2ccccc2O1
",0.891943395671,0.9107453445812737
"Cc1ccc([C@]2([NH3+])CC[C@@H]2C)cc1
",0.6805977477940001,0.6762159543111685
"O=C(CNC(=O)c1ccco1)OCC(=O)c1ccc2ccccc2c1
",0.5504286903419999,0.5518372976525289
"O=C(c1cc2c(F)cccc2[nH]1)N(C[C@@H]1CCCO1)c1ccncc1
",0.7726368656679999,0.7910055664763536
"Cc1cc(C)c(NC(=O)c2cc3ccccc3n2C)c(C)c1
",0.7165716259550001,0.7480247014758362
"CSc1ccccc1NC(=O)N[C@@H](CO)c1ccc(Cl)cc1
",0.7010408647849999,0.7251957582027323
"Cc1cc(Br)ccc1CNC(=O)C1CC=CC1
",0.835505039313,0.8511385195888482
"COc1ccc(CN/C(C)=C2/C(=O)N(c3ccc(OC)cc3)N=C2C)cc1
",0.7785028958429999,0.796205395434684
"O=C(COC(=O)C1(c2ccccc2F)CCCC1)N1CCOCC1
",0.7940855395540001,0.7903637262782701
"CC1(C)C(=O)NCC[NH+]1Cc1ccc(OCC(F)F)cc1
",0.8525491944,0.8371006477398041
"Cc1ccc([N+](=O)[O-])cc1C(=O)Nc1ccc(C(=O)NC(C)C)cc1
",0.632242372499,0.643314069567201
"C[C@@H]([C@@H](O)c1ccc2ncnn2c1)[N+](=O)[O-]
",0.612613347161,0.5998692883794942
"C[C@H](Oc1ccc(Cl)c(Cl)c1)C(=O)NC[C@H]1CCC[C@@H]1O
",0.861574164868,0.8713204870211754
"COC[C@H]1CCC[NH+](Cc2cc(C)n(Cc3ccco3)c2C)C1
",0.888182028116,0.8854802617981642
"Cc1ccc([C@H](C)NC(=O)CN(C)C(=O)OC(C)(C)C)cc1F
",0.911884826115,0.9252107360399573
"CC(=O)NCCC(=O)N1CCC[C@@H](C)C1
",0.76342643389,0.7509513586966321
"COc1ccc(N2CCn3c2nn(CC(N)=O)c(=O)c3=O)cc1
",0.763627782533,0.7276380940618169
"ClC(Cl)(Cl)c1nonc1C(Cl)(Cl)Cl
",0.666235995203,0.6856849455458804
"CCc1sc(C(=O)N2CCN([C@@H](C(N)=O)c3ccccc3)CC2)cc1C
",0.8760293190039999,0.8784824159945958
"C[NH+](C)Cc1cc(NC(=O)CCCC(=O)N2CCCCCC2)[nH]n1
",0.693651043405,0.6805559657103667
"C[C@@H](Nc1ccc(COC(C)(C)C)cc1)c1ccc(C#N)cc1
",0.806257774197,0.8406510153963718
"NC(=O)c1ccc(NC(=O)c2cccn(Cc3ccc(F)cc3)c2=O)cc1
",0.7271756951330001,0.7268186412358261
"Cc1cc(C(=O)N2CC[C@H](C)C[C@H]2C)c2c(C)nn(C)c2n1
",0.807639229122,0.8134731186070859
"Cc1c(C(=O)N2CCCC2)oc2c1-c1nn(CC(=O)N3C[C@@H](C)C[C@@H](C)C3)cc1CC2
",0.745065442292,0.7580534777439472
"Cc1cc(C)cc(NC(=O)CC(C)C)c1
",0.791924213945,0.8056766141730386
"COc1cc(OC)cc([C@H]2CC[NH+](CCC(F)(F)F)C2)c1
",0.903688569247,0.8993482246600826
"CCn1ccnc(N2CCCC[C@@H](N3CC[NH+](C)CC3)C2)c1=O
",0.84490191485,0.8119708475959817
"C[C@@H]1CCC[C@](O)(c2ccc(Cl)s2)CC1
",0.705974881999,0.7348657230473481
"CCOC(=O)C[C@H](C)CNC(=O)C(=O)N1CCc2ccc(C)cc21
",0.66200702499,0.6561671116064507
"COc1ccccc1C[NH+]1CCC[C@H](N2CCCC2=O)C1
",0.905961479893,0.8920965427513176
"CCNc1ccc2c(OC)ccc(F)c2n1
",0.857525067712,0.8631878365471092
"Oc1ccc(C2[NH+](Cc3ccccc3)CC[NH+]2Cc2ccccc2)c(O)c1
",0.559110807826,0.5527411194648145
"Fc1ccc([C@@H]2C[C@@H](c3ccc(Br)cc3)Nc3ncnn32)cc1Br
",0.566024471588,0.5896724975095312
"COc1ccc(O)c(CNC2CC[NH+](Cc3ccccc3Cl)CC2)c1
",0.740325880626,0.7400076852416583
"Cc1ccc(NCc2cccc(C(=O)NCc3ccco3)c2)c(F)c1
",0.676882020174,0.7056270103533896
"Cc1c(C(=O)N(C)[C@@H]2CCN(c3ccccc3Cl)C2=O)cnn1C
",0.858036543576,0.8561743477819315
"Cc1nc(C(C)(C)C)[nH]c(=O)c1C(=O)Nc1cccc(Cl)c1C
",0.859556264621,0.8814688773637321
"CCOC(=O)[C@H]1CCCN(C(=O)c2cn(CCc3ccccc3)nn2)C1
",0.743632092934,0.7393689721419919
"C[C@@H]1[C@H](C(=O)[O-])CCN1S(=O)(=O)c1ccc(F)c(Cl)c1
",0.8331235036679999,0.8180725622535593
"CC1CCC(OC(=O)C2=NC3=C(C(=O)C[C@@H](c4ccccc4)C3)[C@H]2C)CC1
",0.703204520522,0.7357134217425991
"CN(Cc1ccno1)Cc1c(C(=O)N2CC[NH+](C3CCCCC3)CC2)nc2ccccn12
",0.640208900691,0.6347655622332447
"Cc1cc(F)c([C@@H]([NH3+])[C@H]2Cc3ccccc3O2)cc1F
",0.897045085147,0.8989222789894961
"COc1ccc(OCC(=O)N/N=C2\CCCc3ccccc32)cc1
",0.8527236096259999,0.8603724012661875
"CC(C)[NH+]1CCC(N2CC[NH+](Cc3c(F)ccc(F)c3F)C[C@@H]2CCO)CC1
",0.604013742228,0.5872547750851325
"CC[NH2+][C@@H](C)c1cc(F)c(C)cc1N1C[C@H](C)S[C@H](C)C1
",0.909867418239,0.9216449465481172
"CC(C)c1nsc(NC[C@H](C2CC2)[NH+](C)C)n1
",0.8079386748540001,0.7966597661823619
"Cc1ccc(-c2nc(C[NH+]3CCCC[C@H]3c3cccnc3)c(C)o2)s1
",0.754297197054,0.776359514145188
"COc1cccc(C2=C[C@H](C(=O)N3CCCCC3)N=N2)c1
",0.8503248850949999,0.8571069843444786
"O=C(Nc1ccc2[nH]c(=O)[nH]c2c1)c1cc(S(=O)(=O)NC2CC2)ccc1Br
",0.476109100912,0.47539345341934697
"c1ccc2c(c1)CC[C@H]([C@H]1CCCc3cccnc31)N2
",0.815534371594,0.8438772964298517
"Cc1ccc(NC(=S)NC(C)C)cc1C
",0.7444710957940001,0.7522332522236894
"C[C@@H](Nc1ccc2c(c1)CCC2)C(=O)N1CCCC1
",0.901092756263,0.903538163605828
"CCOc1ccc(Nc2ccc(C#N)c([N+](=O)[O-])c2)cc1
",0.651562781426,0.6685140200892248
"CC(C)OC(=O)CCNC(=O)c1cnn(-c2ccc(F)cc2)n1
",0.822812388656,0.8147928375616622
"CCCCOc1ccccc1NC(=O)c1scnc1C1CC1
",0.734537328733,0.7676868945091433
"O=C1N=C(N2CCCCC2)S/C1=C1/C(=O)Nc2ccccc21
",0.747021214321,0.7474926148455453
"Cc1c([C@H](C)NC(=O)c2[nH]c3ccccc3c2Cl)cnn1C
",0.763445661593,0.7780174961825036
"CSc1cccc2sc(N3CCN(C(=O)c4ccn(C(C)C)n4)CC3)nc12
",0.605024749428,0.6232726042575196
"Cc1ccc(C)c2nc3sc(C(=O)Nc4ccc5c(c4)OCO5)c(N)c3cc12
",0.497208168204,0.5202395346975651
"COC(=O)CCN(Cc1cnc2ncccn12)C1CCOCC1
",0.755977216399,0.7473209888713339
"O=C(c1c[nH]c2ccc(F)cc12)N(CC1CC1)CC(F)(F)F
",0.833617378046,0.8579179009969158
"O=C(Cc1ccc(Cl)cc1)/N=C1/S[C@@H]2CS(=O)(=O)C[C@H]2N1c1cc(Cl)ccc1Cl
",0.6076754783789999,0.6353376064837416
"Cc1cccc(C)c1NC(=O)C[NH+]1CCC(OCc2ccc(F)cc2)CC1
",0.817002145671,0.8198663387815823
"C[C@H]1CCC[C@@H](C)N1C(=O)[C@@H]1COCCO1
",0.683511548261,0.6752000116263485
"CC(C)[C@@H](C)CC(=O)NNC(=S)NC1CCCCC1
",0.547991609652,0.5485965998631704
"Cc1cccc(NC(=O)CN2C(=O)/C(=C3\SC(=S)N(Cc4ccco4)C3=O)c3ccccc32)c1
",0.406267458453,0.42403314198012193
"CC(=O)N[C@@H]1C(=O)C[C@@H]2[C@H]3CCC4=CC(=O)CC[C@@]4(C)[C@@H]3CC[C@]12C
",0.7831696964079999,0.7950720718672077
"CCCNC(=O)[C@H]1CS[C@H](c2ccccc2O)N1C(C)=O
",0.8964899320309999,0.890875980541991
"Cc1ccc(N2CC[C@H](C(=O)NC[C@@H](CC(C)C)N3CCOCC3)C2=O)cc1
",0.7309916831409999,0.7289720970285539
"COc1ccc(NC(=O)CCc2ccc3c(c2)OCCO3)cc1OC
",0.863250380594,0.8731799909744092
"Cc1ccc(C(F)(F)F)cc1/C=C/C(=O)[O-]
",0.7302420721770001,0.7249742273961105
"Cc1ccccc1C(=O)Nc1ccc(N2CC[NH+](Cc3ccccc3)CC2)cc1
",0.697074269757,0.7068247150238784
"c1cc(C[NH2+]Cc2ccco2)cc(OC2CCCC2)c1
",0.871295721356,0.8779191735814523
"O=C(c1cccs1)N(Cc1ccc(F)cc1)Cc1cc(-c2ccccc2)cn2nnnc12
",0.360487284131,0.3769574722304397
"COc1ccccc1CC(=O)N[C@@H]1CS(=O)(=O)C[C@H]1Cl
",0.846108840713,0.8321582277327975
"c1cc(-c2nc3c4cn[nH]c4ncn3n2)ccc1COc1ccc2c(c1)CCC2
",0.497444059747,0.5121351103563054
"CN(C(=O)c1ccc(Cl)cc1O)C1CCC(=O)CC1
",0.903566347245,0.9064900721104784
"CNC(=O)CNS(=O)(=O)c1cccc(C(F)(F)F)c1
",0.874555237367,0.8598437978012303
"Cc1ccc(S(=O)(=O)N2C[C@@H](CC(=O)[O-])c3ccccc32)c(C)c1
",0.8527270948360001,0.8462674304203871
"Cc1cc(N)nc(SCC(=O)NC[C@@H](c2ccccc2)C(C)C)n1
",0.589585065358,0.5959556872221687
"Cn1cc(C(N)=O)c(NC(=O)c2ccc3sccc3c2)n1
",0.778781870192,0.7747029629775485
"COc1cc2c(cc1O)[C@H](c1cnc(-c3cccc(C)c3)nc1)CC(=O)N2
",0.67771990514,0.695946236378184
"CC(=O)Nc1ccc(O[C@H](C)c2nc(C(C)(C)C)no2)cc1
",0.915271437389,0.9354697634912882
"O=C(c1c(-c2ccccc2)nc2sc3c(n12)CCCC3)C(F)(F)F
",0.600855370373,0.6287168952213817
"CC(C)CNC(=O)NC(=O)[C@@H](C)Nc1ccc(OC(C)C)cc1
",0.7173507408230001,0.7212897826117252
"C=C[C@](C)(O)CC[C@H]1C(C)=CC(=O)[C@H]2C(C)(C)CCC[C@@]21C
",0.731644833407,0.765572964138625
"CC[C@H](C)Sc1nncn1-c1ccccc1C
",0.758338669946,0.775090700561161
"COCC(=O)N1CCCc2ccc(NC(=O)c3cccc(Br)c3)cc21
",0.826629194795,0.8485538522648663
"C[C@H](Oc1cccc(Cl)c1)C(=O)Nc1ccc2ccccc2c1
",0.708710072307,0.7406149870917403
"Cc1cc(Br)ccc1SCC(=O)N1CCC(C(=O)c2ccc3c(c2)OCCO3)CC1
",0.428002896873,0.44779863828715083
"Nc1ccc2c(c1)CN(C(=O)c1ccc(Cl)cn1)CC2
",0.818882353103,0.8200262035976026
"C[C@H](CN(C)C(=O)c1ccc(F)c(F)c1F)C(=O)[O-]
",0.768315758044,0.753773256458793
"NC(=O)c1ccc(SCC(=O)Nc2ccc3c(c2)Cc2ccccc2-3)c([N+](=O)[O-])c1
",0.26864531534,0.2784441127834114
"CN(C(=O)CSCC(F)(F)F)c1cccc([N+](=O)[O-])c1
",0.615060796624,0.6195940899515914
"C=CCn1c(SCC(=O)Nc2cc(C)on2)nnc1[C@H]1COc2ccccc2O1
",0.460741122557,0.46560182023818586
"CC(=O)N[C@@H](CC(=O)Nc1ccnn1Cc1ccc(C)o1)c1ccccc1
",0.665004254525,0.6725407669279286
"CNC(=O)Cc1nc(C[NH+](C)C2CCC(c3ccccc3)CC2)cs1
",0.834035486582,0.8313535700532151
"COCCOc1c(Cl)cccc1NC(=O)Cc1c[nH]c2ccccc12
",0.604176877657,0.6266925496276871
"COCCN1[C@@H](C)CN(C(=O)C[NH+](C)C2CC2)C[C@H]1C
",0.7276991345370001,0.6960035174653509
"CSc1nncn1/N=C\c1cc(Cl)ccc1F
",0.633576406128,0.6361225152085173
"CC(C)(C)OC(=O)N1CC[C@H]2CC(=O)[C@H]2C1
",0.635840762415,0.6315724907614719
"C[C@@H](CCO)SCc1ccccc1OC(F)F
",0.8032631473549999,0.8172962510677608
"C[C@@H]1C[C@@H]1C(=O)Nc1ccc(F)cc1C(=O)NC1CCC(O)CC1
",0.7909368603370001,0.7913006522367444
"COc1ccccc1CNC(=O)COc1ncnc2oc(C)c(C)c12
",0.739991585753,0.7413460596143838
"Fc1ccc(F)c(C[NH+]2CCC(n3cc(-c4cccnc4)nn3)CC2)c1F
",0.71471905096,0.7124599618439919
"O=C(C[NH+]1CCC(C(=O)c2ccc(Cl)cc2)CC1)NC[C@H]1COCCO1
",0.7132990039429999,0.6976159323983159
"CCC[NH+](C)C[C@H]1CCN(C(=O)Nc2cc(NC(C)=O)ccc2C)C1
",0.739325971664,0.733699400137209
"Cc1nc2ncnn2c(NCCOC2CCCCCC2)c1C
",0.673932516029,0.6794383046649012
"C[C@H]1CN(Cc2cnn(-c3ccccc3)n2)C[C@H](C)S1
",0.8668894986139999,0.8691706176006923
"COc1cc(OC)cc([C@@H](N[C@@H](C)c2ccc(F)cn2)c2[nH+]ccn2C)c1
",0.688975217065,0.6937464888261978
"CC(C)CCc1noc(C[NH+](C)[C@H]2CCC[C@@H]2S(C)(=O)=O)n1
",0.808175276286,0.7936824784209581
"CCc1nc2n(n1)CCC[C@H]2NC(=O)c1ccc(-n2cc(C)cn2)cc1
",0.782326970526,0.7844684322892084
"C[C@@H](NC(=O)c1ccccc1CSc1nc2ccccc2[nH]1)C1CC1
",0.620433953779,0.6479124878681843
"O=C([C@H]1CCCN1S(=O)(=O)N1CCCCC1)N1CCSCC1
",0.7687816799539999,0.7560936036759277
"Cn1c(=O)c(=O)n(CC(=O)N2CCC3(CC2)OCCO3)c2cccnc21
",0.69472752238,0.6677701547858048
"COc1ccc(C(=O)N(CC2=CC=C[C@@H]3N=CC=C23)C2CC2)cc1
",0.824029325065,0.8360146465584748
"CCc1ccc(-c2nc(N)ccc2[N+](=O)[O-])cc1
",0.6591637860189999,0.6633516820195768
"c1csc([C@@H]2CN(Cc3cnc(C4CCC4)s3)CCO2)c1
",0.8188651464390001,0.8497373058973284
"O=S(=O)(/N=C(\[O-])c1ccsc1)N1CCCC1
",0.588966509617,0.5745532059234066
"Cc1nccn1CC(=O)N1CCCC[C@@H]1CCNC(=O)c1ccccc1
",0.866428850253,0.8660736124705047
"C[C@H](Sc1nnc(-c2ccc(Cl)cc2)n1C[C@H]1CCCO1)C(=O)Nc1ccc2c(c1)OCO2
",0.465546247023,0.4871064200100878
"COc1ccc(-n2nnc(-c3nc(-c4ccc5c(c4)OCO5)cs3)c2C)cc1OC
",0.460603313688,0.4786846997099339
"CN(c1ccccc1)S(=O)(=O)c1ccc2c(c1)C(C)(C)C(=O)N2
",0.935938984609,0.9408245175643563
"Cc1cc(S(=O)(=O)N2CCN(C(=O)[C@H]3C[C@H]3c3ccc(Cl)cc3)CC2)c(C)s1
",0.7120918209999999,0.7315322886618213
"O=C(Nc1ccc(Oc2ccc(Cl)nn2)cc1)[C@@H](O)c1ccccc1
",0.711944097083,0.7301817981791292
"CCCc1cc(=O)n2c(n1)SC[C@@H]2CC(=O)Nc1cccc(Cl)c1Cl
",0.7379727485690001,0.7680034677375929
"Cc1ccc(NC(=O)CSc2nnc([C@@H]3CCCN3C(=O)c3cccc(C)c3)n2C)cc1
",0.550365693894,0.5723128062195437
"Cc1noc(C)c1CCCNC(=O)N[C@H]1CC(=O)N(C2CC2)C1
",0.7820500924410001,0.7731826545335728
"CC(C)(C)[C@@H]1CCC(=O)[C@@H](CN2CCOCC2)C1
",0.7571015079699999,0.756348767550656
"COc1cc(/C=C2\SC([N-]c3cccc(C(=O)[O-])c3)=NC2=O)cc(OC)c1O
",0.76728460434,0.7675824438434539
"C=CCO[C@H](C)C(=O)Nc1ccc(F)cc1Br
",0.8377187539309999,0.8487438764689513
"O=C(CN1CCN(Cc2ccc(F)c(F)c2)CC1)c1cccs1
",0.7757919576700001,0.7843738810852652
"CC[NH+]1C[C@H](c2ccccc2)CC2(CCN(C(=O)c3ccon3)CC2)C1
",0.921901570746,0.9171038201534921
"C[C@H]1C[C@H]([NH+]2CC[C@H](S(=O)(=O)NC3CC3)C2)CC(C)(C)C1
",0.823084126126,0.8111325640292854
"CC[C@H](Sc1cc(C)c2cccc(C)c2n1)C(=O)Nc1nc2ccc(S(N)(=O)=O)cc2s1
",0.367413487736,0.3844216213132088
"COC(=O)[C@]1(NC2CC2)CC[C@H](Sc2ncc(C)cn2)C1
",0.666413636776,0.6636750002326028
"COc1ccccc1Nc1nn(CN(C)OC)c(=S)s1
",0.6486048205439999,0.6536984386307778
"Cc1cc(C)c(C)c(S(=O)(=O)/N=C(\[O-])c2cc(C3CC3)n(C(C)(C)C)n2)c1C
",0.57080876993,0.5800960203240312
"CC(C)(O)C#Cc1ccc(C[NH2+][C@H]2CCCN(c3nc4ccccc4s3)C2)s1
",0.637363679045,0.6472174752269
"COc1ccc(OC)c(S(=O)(=O)n2cc3c(=O)n(C)c(=O)n(C)c3n2)c1
",0.631142580754,0.6096294598941453
"C/[NH+]=C(/NCc1noc(C(C)(C)C)n1)N[C@@H](C)c1ccc(F)cc1F
",0.575694147766,0.5684936153594806
"Cc1nnsc1C(=O)Nc1nnc(-c2ccc(Br)cc2)o1
",0.7596288517280001,0.7661319611489329
"CCN(Cc1ccc(OC)c(OC)c1)C(=O)C[NH+]1CC[C@@H](C)[C@H](O)C1
",0.760425305523,0.7435729932639523
"O=C([O-])[C@H]1CCCCN1C(=O)CSCc1ccccc1
",0.824785695936,0.8137019344290415
"Cc1cccc([C@H](O)C[C@@H]2CCCCC[NH2+]2)c1
",0.828368323921,0.8235261578351671
"O=C(C1CCCCC1)N1CCN(Cn2cc(Br)cn2)CC1
",0.836883606101,0.8358003561359741
"Cc1ccccc1COc1ccc([C@@H]2C3=C(CCCC3=O)Nc3nnnn32)cc1
",0.718662233822,0.7368350734306973
"CCO[C@@H]1C[C@@H]([NH+](C)C[C@@H]2CCCN(S(C)(=O)=O)C2)C12CCCCC2
",0.772202539913,0.7635386546842572
"CCn1c(=O)c(=O)[nH]c2cc(C(=O)NN3C(=O)N[C@](C)(c4ccccc4)C3=O)ccc21
",0.430509876458,0.42371950454830337
"COc1cc(OC)cc([C@@H](NC(=O)N(C)C2CCCCC2)c2nccn2C)c1
",0.806423371553,0.8249970175503119
"O=C1[C@H]2[C@@H]3C=C[C@@H](C3)[C@H]2C(=O)N1CN(C(=O)C(F)(F)F)c1cccc(C(F)(F)F)c1
",0.410344189957,0.418296327234865
"CCNc1ncc(COc2cccc3ccccc23)s1
",0.726552722063,0.757884841950729
"Cc1noc(C)c1CCCNC(=O)c1c(C)nn(Cc2ccccc2)c1C
",0.634646901291,0.6495233803014855
"C[C@H]1CC([NH2+][C@@H](C)c2c[nH]c3cc(F)ccc23)C[C@H](C)O1
",0.889642806945,0.8968187050279578
"C/C(=C1/SC(=O)N(c2ccc(Cl)cc2)C1=O)c1ccc(Br)cc1
",0.58349308769,0.595175405594006
"Cc1ccc(NC(=O)C[C@H]2SC([N-]c3ccc(N(C)C)cc3)=NC2=O)c(C)c1
",0.779281935887,0.8139828376127721
"CO[C@H]1CCCC[C@H]1NC(=O)NC[C@H](c1cccc(F)c1)[NH+](C)C
",0.740120341095,0.7316122455717268
"Cc1nn(C)c(C)c1CN[C@H]1CCC[NH2+]C1
",0.77239094016,0.7486160841539581
"Cc1cc(=O)[nH]c(SCC(=O)N2C[C@]3(C)C[C@H]2CC(C)(C)C3)n1
",0.6791437494050001,0.6809814414748409
"COC1CC[NH+](Cn2nc(-c3ccc(C)cc3)n(C)c2=S)CC1
",0.8710426326540001,0.8632722448784057
"C[NH2+][C@]1(C(=O)[O-])CCC[C@@H](OCC2CCCCC2)C1
",0.794865506424,0.7755769025077972
"Cc1nnc(SCC(=O)c2cc(C)n(CC(F)(F)F)c2C)s1
",0.589916901533,0.6084248021309758
"CC(C)CN(CCC#N)C(=O)NC[C@@H]1CC[C@H](C(=O)[O-])O1
",0.726075222975,0.7039088804642315
"Cc1cc(CN2CCN3C(=O)NC[C@@H]3C2)cc(C)c1OC(F)F
",0.925736449546,0.9221444795947905
"CCNC(=O)c1cccc(NC(=O)NCCCSC)c1
",0.6770942110959999,0.6760693979339765
"Cn1c(-c2cccc3ccccc23)nn(CN2CCOCC2)c1=S
",0.678597899588,0.6866309814692145
"CCCCCN1C(=O)/C(=C/c2ccc(O)c(OCC)c2)SC1=S
",0.435781495788,0.4535521532750975
"N#CCCN(Cc1ccccc1)C(=S)NC(=O)c1cccc(Cl)c1
",0.802926830483,0.8274219039432466
"CCCS(=O)(=O)c1ccccc1C(=O)Nc1nnc(CC)s1
",0.871865219511,0.8733657011366438
"CNC(=O)[C@H](C)CN(C)Cc1cc(=O)n2cccc(C)c2[nH+]1
",0.880916786852,0.8599529553630817
"COCCNC(=O)/C(C#N)=C/c1cccc(O)c1
",0.468378753936,0.4621329628829086
"CNC(=O)CN1c2ccccc2C(=O)N(C)[C@H]1c1ccccc1O
",0.908245275906,0.9013100334646575
"CC(=O)N[C@H](C)C(=O)Nc1ccc(Sc2nncs2)c(Cl)c1
",0.854635207724,0.860137732210078
"CC[n+]1c(N)n(CCOc2ccc(Cl)cc2Cl)c2ccccc21
",0.684849729525,0.7084413578562885
"COC(=O)CCCc1nnc(NC(=O)N2CCC[C@@H]3CCC[C@@H]32)s1
",0.8181840852310001,0.823842083844261
"O=C(N[C@H]1CCCC[C@H]1OC1CCCC1)c1ccc([N+](=O)[O-])cc1
",0.643165798902,0.659652338868685
"O=C(CCOc1ccccc1)NNC(=O)CC1(O)CCCC1
",0.6991617997,0.691302640682866
"C=CCN(CC(=O)[O-])C(=O)[C@@H](C[NH3+])C(C)C
",0.557081917218,0.5248579761008403
"O=C(CCn1ccccc1=O)NCC1(c2ccccc2)CC1
",0.890855879594,0.8871267277877775
"COc1cc(C)c([C@@H](C)NC(=O)CSC2CCCC2)cc1OC
",0.794186311011,0.8204597253114316
"C=CCNC(=O)Nc1ccc(F)c(NC(=O)OC)c1
",0.733370458684,0.7322662047627018
"Oc1ccccc1/C=[NH+]/CCC/[NH+]=C/c1ccccc1O
",0.433053706174,0.41380623474290973
"Cn1cccc1Cc1nnc(SCC(=O)Nc2ccc3c(c2)OCCO3)n1C
",0.641868066317,0.6403712221046263
"C[C@@H](C#N)CNC(=O)c1cccc(Oc2cccc(C(F)(F)F)c2)c1
",0.8347256828659999,0.871737040424389
"Cc1oc(-c2ccccc2)nc1CCNC(=O)c1ccc([S@@](C)=O)cc1
",0.710418626162,0.7240850492059194
"CCc1noc(C)c1C[NH+](C[C@@H]1CCCCO1)C(C)C
",0.870826552747,0.8655960894315171
"Cc1ccccc1Oc1cc(Br)ccc1C[NH3+]
",0.910068039442,0.9259581452156298
"CCc1cccc(CC)c1NC(=O)NC1CC1
",0.8122790566179999,0.8225395988216165
"CC[NH+]1CCN(C2(CNC(=O)c3ccccc3Br)CCCCC2)CC1
",0.785010855528,0.7818604277437571
"CCCCn1nc(C)c(C[NH2+]C[C@@H](C)O)c1Cl
",0.781437246206,0.7712166253540544
"C/C=C/C=C/C(=O)N1C[C@@H](C(=O)OC)[C@@H](C)C1
",0.427604509371,0.4231129902530998
"COc1cccc(OC)c1OC1CC[NH+](Cc2ccc([C@H]3C[C@@H]3C)o2)CC1
",0.802222809554,0.8114540903836116
"COC(=O)c1cc(CSc2nnc(-c3cccnc3)n2-c2ccccc2F)oc1C
",0.319586376396,0.3339988582861325
"CCOc1ccc2cc(C(=O)NCc3ccccc3)c(=[NH2+])oc2c1
",0.753079314971,0.7453878071780563
"O[C@H]1CCN(c2ccnc(N3CCc4[nH]c5ccc(Cl)cc5c4C3)n2)C1
",0.722794424305,0.7266154876992544
"O=S(=O)(NC[C@H](O)c1ccc(C(F)(F)F)cc1)c1cc(F)ccc1F
",0.774916608906,0.7829493938388913
"O=C(CSc1ccc2c(c1)OCCCO2)NC(=O)c1cccs1
",0.851820097263,0.8599565586884083
"C[NH+](C)CCSc1ccc(NC(=O)C2CC2)nn1
",0.7355170368520001,0.7157912920660912
"Cc1ccc(C)c(NC(=S)NCCc2cccs2)c1
",0.807970088875,0.8353202715094253
"CNc1ncc(F)c(-c2cccc(Cl)c2)n1
",0.864087474241,0.8727095845575075
"Cc1ccc(-c2nnc(SCC(=O)Nc3ccc(CC#N)cc3)n2N)cc1
",0.501259799046,0.5040892600263445
"CCN(CC)C(=O)c1ccccc1OC(C)=O
",0.595178867259,0.5927360940040113
"Cc1ccc(-c2nc(-c3ccc(OCC(F)(F)F)nc3)no2)cc1
",0.6935576695810001,0.7197476567845728
"COc1ccc([C@@H](CNc2nc3ccccc3o2)N2CCOCC2)cc1
",0.720401046652,0.7335399970064086
"CNC(=O)[C@H]1CCCC[C@H]1[NH2+][C@H](C)c1cc(C)cc(C)c1
",0.879252149885,0.8770531029257119
"CCN[C@H](c1cccnc1)C1([NH+]2CCCCC2)CCCC1
",0.8722677455419999,0.8688789784544892
"Cn1ncc2c(NCc3ccco3)nc(CCc3ccccc3)nc21
",0.574896130359,0.5858597503948925
"Cn1cc[nH+]c1C[C@H]1CCC[NH+](Cc2ncc(-c3ccccc3Cl)o2)C1
",0.748239705513,0.7459430351720288
"Cc1cc(N2CC[C@H](C)[C@H](O)C2)nc(C)[nH+]1
",0.774573740221,0.7614519378445732
"Cc1nnc(CCC[NH+]2CCC(CC[NH+]3CCCC[C@@H]3C)CC2)o1
",0.77605202386,0.7601900946216708
"CCc1nn(C)cc1CNC(=O)C1(CC)CCC1
",0.8718460318950001,0.8691065955526595
"COc1ccc(N2/C(=N/C(=O)CCCC(=O)[O-])S[C@@H]3CS(=O)(=O)C[C@H]32)cc1Cl
",0.6425983671509999,0.632800286820066
"CC(=O)C1=C([O-])C(=O)N(CCC2=c3ccccc3=[NH+][C@H]2C)[C@H]1c1ccccc1F
",0.761011252823,0.7282464716157923
"COc1cc(C)c(C(=O)N[C@H]2C[C@H](C)N(c3ccccc3)C2)cc1OC
",0.875962795028,0.8939669288374741
"Cc1ccc([C@H]2C[C@@H]2NC(=O)N2CCC(C(N)=O)CC2)cc1C
",0.899642351589,0.8956807678809166
"Cc1nc2n(n1)CCC[C@@H]2N[C@@H]1CCc2c(Cl)cc(Cl)cc21
",0.8686216560719999,0.90051297203933
"CC(C)Oc1ccc(-c2nc(C(=O)O[C@@H](C)[C@@H]3CCOC3)cs2)cc1
",0.6943174883230001,0.7225847485584341
"CN(C[C@@H]1CCCN(C(=O)NCCc2ccc(F)cc2)C1)C(=O)OC(C)(C)C
",0.808395089879,0.8305042846020331
"COc1cc(Cl)c(C)cc1NC(=O)[C@H](C)N1CCN(S(=O)(=O)c2c(C)noc2C)CC1
",0.6894020264380001,0.6912417687602974
"Cc1nc(-c2ccc(Cl)s2)sc1C(=O)N[C@H]1C[C@H]1C
",0.899140892757,0.9313905296763905
"COc1cc(F)c([C@H]([NH3+])c2ccc(SC)cc2)cc1OC
",0.85693276783,0.8639982648531864
"Cc1ccc(-n2ccnc2SCC(=O)N(CC(N)=O)C(C)C)cc1C
",0.76961328634,0.7683748476495803
"Cc1cccc(/C=C2\SC(=S)N(c3c(C)cccc3C)C2=O)c1
",0.542565168502,0.5660088808335857
"CC1=C(C(=O)OC(C)C)[C@H](C)N=C1C(=O)Nc1ncc(C)s1
",0.863017780105,0.8640313282959454
"COC(=O)c1cccc(C(=O)N2C[C@@H](c3ccc(F)cc3)C[C@H]2C)c1
",0.780318955007,0.801091312858421
"O=C(NCCCn1ncccc1=O)[C@@H]1CC(=O)N(c2ccccc2)C1
",0.8014383521430001,0.7886284033705065
"CCC(=O)N1CCCN(C(=O)N[C@@H]2CCc3ccccc32)CC1
",0.911648805943,0.9104711906719035
"Cc1cccc([C@@H](C)[NH2+]CCS(=O)(=O)C(C)(C)C)c1C
",0.908490320448,0.90523959417648
"Cc1ccc(-c2cnc(CCC(=O)NCC(C)(C)c3ccncc3)o2)cc1
",0.661570248236,0.6869222774637612
"Cc1cc(NN)c2cccc(OC(F)(F)F)c2[nH+]1
",0.642800286574,0.6405395590586554
"C[C@H]1CCC[C@@H](C(=O)Nc2cccc(OCCc3ccccc3)c2)[NH2+]1
",0.8456035139939999,0.8501679934567861
"Cn1ncnc1CCNC(=O)[C@H]1C[C@@H]1c1cc(Cl)cc(Cl)c1
",0.908625093369,0.9108849262655834
"CC[C@H](Sc1nnc2cc(C)c3cc(C)cc(C)c3n12)C(=O)Nc1nnc(COC)s1
",0.396855767302,0.414022175311489
"CCOc1ccc(S(=O)(=O)N2CCC(c3nnc(C4CC4)o3)CC2)cc1
",0.76278951293,0.7693623542825679
"Cc1cc2nc(C)c(CCC(=O)NC[C@@H](c3ccccc3)N3CCOCC3)c(C)n2n1
",0.631488314864,0.6352037983057958
"COc1ccc(N2C(=O)CS[C@H]2c2ccc(Cl)cc2)cc1Cl
",0.759471332311,0.7944629188053497
"C/C=C(\C)[C@@H]1C=C[C@@H]2C[C@H](C)C[C@H](C)[C@@H]2[C@@H]1C(=O)C1=C([O-])[C@H](C[C@](C)(O)C(=O)[O-])NC1=O
",0.465834039612,0.45740658166637116
"CS(=O)(=O)c1ccc(NC(=O)N2CCC[C@H]2CC2CCCCC2)cc1
",0.844009546237,0.8760563393324134
"COc1ccc(C(=O)OCc2nc3ccccc3s2)cn1
",0.68493441708,0.6929783914545313
"COc1ccc(S(=O)(=O)Nc2ccccc2-n2nc(C)cc2C)cc1NC(C)=O
",0.634048989936,0.6445568094601622
"Cn1c(=O)n(CC(=O)N[C@@H]2CCCc3ccc(F)cc32)c2ccccc21
",0.7839293728229999,0.7870549449156742
"N#C/C(C(=O)NC1CCCC1)=C(/[O-])Cc1cnn(-c2ccccc2)c1
",0.514608863931,0.5101637425026453
"NC(=O)[C@H](Nc1cccc(Oc2ccccc2)c1)c1ccc(F)cc1
",0.678244540677,0.7068900942713646
"CCN(C[C@@H]1CCOC1)C(=O)Nc1cc2c(cc1Cl)OCCO2
",0.905454499652,0.9149603294169972
"CCCCc1nnc(NC(=O)C2CCN(S(=O)(=O)c3ccc(C)cc3)CC2)s1
",0.72795105885,0.7394941978952261
"CC[C@@H](NC(=O)c1ccc(Br)o1)C(=O)N1CCOCC1
",0.905091428467,0.895757583363815
"CC[C@]1(c2ccccc2)NC(=O)N(CCOc2ccc(Cl)cc2Cl)C1=O
",0.7177757233069999,0.7477248413841766
"COc1ccc(OC)c(NC(=O)c2ccc3c(c2)C(=O)N(c2cc(C)on2)C3=O)c1
",0.639754305252,0.6472124557444117
"Cc1ccc(OCC(=O)NC(=S)NC[C@H]2CCCO2)cc1
",0.815752379804,0.8082436812561902
"CN(C(=O)CCOc1cccc(C(N)=O)c1)[C@H]1CCC[NH+](C)C1
",0.781361279164,0.7547597993118937
"COC(=O)c1ccc(NC(=O)c2c(C)sc3ncnc(N4CCC[C@H](C)C4)c23)cc1
",0.603970998591,0.6296813884892762
"Cn1ncc2c1CC/C(=C\c1ccc(-n3cncn3)c(F)c1)C2=O
",0.679785178559,0.679130382723863
"O=C(Cc1ccc([N+](=O)[O-])cc1)NCC1(O)CCOCC1
",0.627478417747,0.6173948534461761
"C=CCOc1ccc(CNc2ccc(OC)cc2)cc1
",0.7489757241539999,0.7738914484556202
"C[C@H]1N=C(CCNC(=O)CCC2=c3ccccc3=[NH+]C2)CS1
",0.7654386981119999,0.7343117066794477
"COC(=O)c1cc(NC(=O)[C@@H]2CCO[C@H]2C)ccc1C
",0.8627686280679999,0.8597205184041985
"COc1ccccc1[C@@H](C)NC(=O)c1cnc2c(C)cccn2c1=O
",0.792866996564,0.7938139048513886
"CC[C@@H](C)NS(=O)(=O)c1cc(N2C(=O)[C@@H](C)CS2(=O)=O)ccc1OC
",0.788742947931,0.7783923108753534
"CC(C)(C)NS(=O)(=O)c1ccc(OCC(=O)N2CCOCC2)cc1
",0.862769398055,0.8507629320384353
"COCCCNC(=O)[C@H]1CN(C(=O)c2cccs2)CC12CCCCC2
",0.782882554085,0.7897811306125235
"Cc1nc(-n2cccc2)sc1C(=O)Nc1cccc(-c2cn3ccsc3n2)c1
",0.443746830322,0.4638669112770826
"CC[S@](=O)[C@H]1CCCC[C@@H]1NC(=O)NC[C@H](O)c1ccco1
",0.746849311287,0.7409074194589937
"Cc1cc2ncn(C[C@H]3CC3(Cl)Cl)c2cc1C
",0.7332046057639999,0.7571000792906475
"Cc1ccccc1OCC(=O)O[C@@H](C)c1nccs1
",0.7772178560690001,0.7877593116888059
"C[C@H](C(=O)N1CCOCC1)[NH+]1CCN(Cc2ccc3c(c2)OCO3)CC1
",0.8054787229960001,0.7725844775890042
"CCN(C(=O)[C@@H]1Cc2ccccc2S1)[C@H]1CCC[C@@H]1C[NH3+]
",0.92933085638,0.9242447244294149
"Cc1cc(Br)ccc1NC(=O)[C@@H](C)[NH+](C)Cc1cccs1
",0.8299919494310001,0.8362397997332759
"COC(=O)[C@H]1CCC[C@H]1NC(=O)Nc1ccc(C)cc1C
",0.836364739171,0.8411241456890065
"CC(C)NS(=O)(=O)c1ccc(C(=O)N[C@H](C)c2ccccc2Br)cc1
",0.723313348839,0.7424937391463509
"CC(C)OCCN1CCN(C(=O)Nc2ccccc2C(F)(F)F)CC1
",0.862762711906,0.877565286849156
"CCn1cc(-c2nc(-c3cccc(Cl)c3)no2)c(=O)c2ccccc21
",0.525491603736,0.548824454517461
"COC[C@@H](C)NC(=O)C(=O)Nc1cc(-c2ccccc2)nn1C(C)C
",0.789116831727,0.7870277349951422
"C#CCOc1ccccc1CN1CCN(C2=[NH+]C[C@@H](C)S2)CC1
",0.826760969956,0.8090733932634085
"COCCNC(=O)[C@H]1CCCN1S(=O)(=O)c1ccc(Br)cc1
",0.75165875121,0.7436297560775968
"Cc1ccc(C[C@H](O)c2c(F)cc(Br)cc2F)cc1
",0.853642515658,0.8905221929933637
"COC(=O)[C@@]1(NC2CCCC2)CCCS[C@H]1C
",0.7885241824770001,0.7876956834554897
"CCC[NH2+][C@H](Cc1ccccc1)[C@@H]1CN(CC)CCO1
",0.8229071456129999,0.8136131246295414
"C=CCn1c(=O)c2c(nc3n2[C@H](C)C(C)=NN3C)n(C)c1=O
",0.771149707401,0.7555700111247855
"C[C@H]1CCCC[C@H]1NC(=O)c1cc(S(=O)(=O)N2CCOCC2)ccc1Cl
",0.839236180894,0.8425308505625256
"COCCn1ccc2ccc(NC(=O)NCCc3ccccn3)cc21
",0.6877047159020001,0.6956244731908893
"Cc1nc(CNC(=O)C(=O)Nc2cc(Cl)ccc2Cl)no1
",0.84375711037,0.8389498351965322
"CS[C@@H]1CC[C@H](NC(=O)CCC(=O)c2ccc(C)s2)C1
",0.8021670370909999,0.8188761660534919
"Cc1nc(/C=N/Nc2ccc(Cl)nn2)c[nH]1
",0.6323674721,0.626883652195862
"O=C(CSc1nnnn1C1CC1)N[C@H](CO)C(=O)[O-]
",0.545441212014,0.5182637121230586
"O=C(COc1ccc(Br)cc1)N[C@H]1CCS(=O)(=O)C1
",0.896944736901,0.8855575527374887
"CCc1nnc(NC(=O)c2ccccc2N)s1
",0.817911252866,0.8132135241187692
"O=C([O-])c1ccccc1-c1ccc(/C=C2\C(=O)N(c3cccc(Br)c3)C(=O)N=C2[O-])o1
",0.529639095629,0.529340142440749
"COc1ccc(-c2csc(NC(=O)c3ccc(S(C)(=O)=O)cc3)n2)cc1OC
",0.644035838717,0.6585574583145872
"COc1ccc(Cn2ccc3nc(N4CCN(c5ccccc5)CC4)ncc3c2=O)cc1
",0.480579253112,0.4875644833942424
"Cc1nn(C)cc1/C=N/NC(=O)c1ccncc1
",0.652189010149,0.6423635065771656
"N#Cc1ccc(OC2CCC(NC(=O)c3ccc[nH]3)CC2)nc1
",0.907163732834,0.9069018101281577
"CC(C)c1ccc2oc(-c3ccc(C[NH3+])cc3)nc2c1
",0.775810924253,0.7907389919103319
"COc1ccc([C@@H]2NC(=O)N[C@@](O)(C(F)(F)F)[C@H]2C(=O)c2ccc(F)cc2)cc1OC
",0.48438864997,0.48889815597505903
"Cc1cc(NC(=O)c2cccc([N+](=O)[O-])c2C)n(-c2ccccc2F)n1
",0.552881344667,0.5700241231980872
"CCC(=O)N1CCCC[C@@H]1C(=O)NCCc1ccc(F)cc1C
",0.904132335762,0.9063753820356835
"Cc1ccc(S(=O)(=O)N2C(N)=C(C#N)[C@H](c3ccc(Cl)cc3)[C@H]2C(=O)c2ccccc2)cc1
",0.525560380884,0.5488254482403444
"C[NH+](C)[C@@H]1CC[C@H](NC(=O)[C@@H]2CCCc3[nH]ncc32)C1
",0.749576881426,0.7287832851806025
"CCOCCS(=O)(=O)[N-]c1cc(Br)ccc1O
",0.8148922779340001,0.816163339600343
"NC1=NC(=O)[C@H](CC(=O)N2CC[C@H](c3ccccc3)C2)S1
",0.924262011681,0.9142699124619472
"Cc1noc(-c2cccnc2N2CC[C@H](NC(=O)COc3ccc(F)cc3)C2)n1
",0.683033837226,0.6823816269795243
"Cc1ccc(OC(=O)c2cccc(C(=O)Oc3ccc(C)cn3)n2)nc1
",0.662866388195,0.6687568021744458
"CN(CC1CCCC1)C(=O)C(=O)Nc1cccc(SC(F)F)c1
",0.6407834310189999,0.6570914918872783
"COc1cccnc1N(C)C(=O)C[C@H](C)Cc1ccc(Cl)cc1
",0.7754176526090001,0.8033021789338293
"O=C(c1cc(=O)[nH]c2ccccc12)N1CCC([C@H](O)c2ccccc2)CC1
",0.7421307440739999,0.7518294343857015
"CCO[C@@H]1C[C@@H]([NH3+])[C@@H]1Nc1ncc(Cl)cc1F
",0.862902904948,0.851494032255315
"CC(=O)Nc1ccc(NC(=O)c2ccc3c(c2)Cc2ccccc2-3)cc1
",0.5520397132320001,0.5770504554315034
"COCCOC[C@H]1CC[NH+](C2C[C@@H](C)O[C@H](C)C2)C1
",0.729500128645,0.7151798080031466
"O=C1OC(c2ccccc2OC(F)F)=N/C1=C\c1cccc(F)c1
",0.6132737722680001,0.6320002753636561
"COc1ccccc1CNC(=O)c1cc2sccc2n1Cc1cccc(F)c1
",0.486806771135,0.509071778839175
"CCOC(=O)C1(NCc2nnc(-c3cc(C)oc3C)o2)CCCC1
",0.8058225859839999,0.812731577548014
"N#Cc1cccc(NC(=O)N2CCC(NC(=O)CC3CCCC3)CC2)c1
",0.856114504593,0.8701755728274946
"CCOC(=O)C1=C(c2ccccc2)Nc2ncnn2[C@H]1c1ccc(SC)cc1
",0.504702574363,0.5230304886741131
"Cc1cc(NC(=O)N[C@@H](Cc2ccccc2)c2ccccc2F)n(C)n1
",0.704491640385,0.729786623943801
"C[C@H](Sc1cccc[n+]1[O-])C(=O)NC[C@H]1COc2ccccc2O1
",0.510990856715,0.5072135376165947
"O=C(NCCOc1ccc2c(c1)OCO2)c1cc(C2CC2)on1
",0.825155887356,0.8217295979504012
"N#CCC[NH2+]C1(C(=O)[O-])CC1
",0.492278168793,0.46417646744522
"CC[C@@H](Oc1ccccc1OC)C(=O)NCc1ccccn1
",0.8516271340360001,0.8534650405805333
"Cc1nc(C[C@@H](N)[C@]2([NH+](C)C)CCC[C@H](C)C2)cs1
",0.885990348925,0.8768931907244475
"CCOc1ccccc1/C=C1\Oc2c(ccc([O-])c2C[NH+]2CCN(C)CC2)C1=O
",0.7799558512579999,0.7698707575120097
"CC(C)Cn1cc[nH+]c1CN[C@@H](c1ccccc1)C(C)C
",0.8127427435969999,0.8302285652007659
"Cc1c(C[NH+]2CCC[C@H]2c2ccc3c(c2)OCO3)cc(C#N)n1C
",0.943562640709,0.9374157236047718
"O=C(CBr)c1cnc2ccc(Cl)cn12
",0.621065437822,0.6224187505333131
"COc1ccc(F)cc1NC(=O)c1sccc1S(=O)(=O)N(C)C
",0.8907665704709999,0.890472120331462
"COc1ccc(Br)cc1/C=C1/C(=O)NN(c2ccc(C)c(C)c2)C1=O
",0.617708881773,0.6325328993335387
"CC(C)(C)c1ccc(C(=O)N[C@H]2CCN3CCCc4cccc2c43)cc1
",0.821299679271,0.859302116771827
"CC[NH+]1CCC[C@@]2(CC1)C[NH+]=C(N)N2c1ccc(C)cc1
",0.688940368836,0.656302556025536
"CN(C)c1ccc(/C=C(/C#N)C(=O)c2cccc(C#N)c2)cc1
",0.482810092708,0.49279492176708606
"CCCC[C@@H](NC(N)=O)C(=O)Nc1cc(OC)ccc1F
",0.721908387349,0.7182291720789868
"COC1=CC2=NC(SCc3cc(-c4ccccc4)on3)=NC2=CC1
",0.805408972166,0.8385982870057022
"Cc1ccc([C@@](C)(O)CNC(=O)NC[C@@H](c2ccco2)[NH+]2CCCCC2)o1
",0.594984817159,0.5892835269958248
"C[C@@H](NC(=O)CSc1ccc2c(c1)OCCCO2)c1ccc2ccccc2c1
",0.59565157841,0.6218701763731365
"CCN1CCN(S(=O)(=O)c2cc(-c3csc(C)n3)ccc2C)CC1
",0.8314505319169999,0.8359717459806003
"Cc1nccn1Cc1ccc(NC(=O)c2cccc(-n3cccc3)c2)cc1
",0.556334431995,0.5800947203097349
"Cc1cccc([S@@](=O)Cc2ccc(N)c(F)c2)c1
",0.855524842102,0.8649373400159248
"CC(C)C[C@@H](C[NH3+])c1nc(C2CCOCC2)no1
",0.869360962291,0.8598599150940635
"CC1=NC(SCC(=O)Nc2ccccc2C(F)(F)F)=NC(=O)[C@H]1Cc1ccccc1
",0.7165600869519999,0.7496671796100679
"Cc1ccc(F)cc1NC(=O)C(=O)NCCCn1cc[nH+]c1
",0.6453539639060001,0.6356808445094353
"COc1cccc(C[NH2+]Cc2cccc(Br)c2OC)c1OC
",0.814441847232,0.8186495938311654
"Nc1cc(=O)[nH]c(SCC(=O)Nc2nc(-c3ccc(Br)cc3)cs2)n1
",0.413006961511,0.41704822087023524
"CCc1noc(CN(CC)C(=O)C(C)(C)NC(=O)c2cccs2)n1
",0.829138736132,0.8272482697163601
"CC(C)C[C@](C)(O)CNC(=O)CC[C@H](C)O
",0.621705526811,0.6134088291684228
"C=C[C@@H](C)NC(=O)c1c(C)cc(C)c([N+](=O)[O-])c1C
",0.511419571126,0.514897436818608
"O=C(Nc1ccc(S(=O)(=O)NC[C@@H]2CCCO2)cc1)[C@H]1CC(=O)N(c2ccc(F)c(Cl)c2)C1
",0.608792008753,0.6142167905912471
"CC1(C)CCC[C@H]1N1C(=O)c2cccc(N)c2C1=O
",0.621111214203,0.6213061041882243
"CCCNC(=O)NC(=O)CN1C(=O)N[C@](Cc2ccccc2)(c2ccccc2)C1=O
",0.612078590776,0.6084279778662646
"O=C(COc1cc(Cl)c(Cl)cc1Cl)N1CCN(C(=O)Nc2ccccc2)CC1
",0.6834553253300001,0.7138932209750084
"CCc1nc2n(n1)C[C@H]([NH2+]CCNS(=O)(=O)c1ccccc1)CC2
",0.693996542782,0.6704730314365388
"CCCCN(C(=O)c1oc2ccccc2c1C)c1c(N)n(CCC)c(=O)[nH]c1=O
",0.627812913676,0.6348075466016072
"CCCn1c(S[C@H](C(N)=O)c2ccccc2)nc2sc(CC)cc2c1=O
",0.480270378204,0.49463755359248524
"COc1cccc(CCNC(=O)CN2CCN(c3ccccc3O)CC2)c1
",0.785153721999,0.7802428955899714
"c1ccc2c(NCc3nnc(C4CCC4)o3)cccc2c1
",0.751407099761,0.7807382732711411
"CC1=C(C(=O)C2=C([O-])C(=O)N(CC[NH+](C)C)[C@H]2c2cccc(Cl)c2)[C@H](C)N=N1
",0.771738158734,0.758291855942939
"CCOc1ccc([C@@H]2Nc3ccc(C(=O)N(C)C)cc3[C@H]3C=CC[C@H]32)cc1
",0.7718027456730001,0.8075200808729557
"COc1ccc(Cc2sc(NC(=O)[C@H]3COc4ccccc4O3)nc2C)cc1
",0.6877411401279999,0.7098288626279119
"Cc1cnc2nc(C[C@H](O)C(F)(F)F)[nH]c2c1
",0.8530536034999999,0.8465622627513953
"CCN(CC(C)(C)O)C(=O)COCc1ccccc1Cl
",0.8406386756149999,0.8413055643028232
"O=C(Nc1cccc2ccccc12)NC1CC[NH+](CC(F)F)CC1
",0.790739314139,0.7891650120355055
"O=C1C(=O)N(CC[NH+]2CCOCC2)[C@@H](c2cccc([N+](=O)[O-])c2)/C1=C(\O)c1cccs1
",0.229061151563,0.2258558150673457
"CC[C@@H](C)N(CC)C(=O)c1ccccc1N
",0.791203587866,0.7924772124794861
"Cc1cc(C)c(C(=O)Cn2nc(N)n(Nc3cccs3)c2=S)c(C)c1
",0.510936181126,0.5261084138913434
"C[C@H]1CN(C(=O)CC[C@H](C)c2ccccc2)C(C)(C)CO1
",0.8261693921709999,0.8473744725556935
"CN(C)c1nc2c(c(-c3ccc(S(C)(=O)=O)cc3)n1)CCCC2
",0.8636088125139999,0.8645006262459216
"CC(C)c1ccc(CNC(N)=[NH2+])cc1
",0.478727453217,0.4651076163214132
"CN(C)N1C(N)=C(C#N)[C@@H](c2cccs2)C2=C1CCCC2=O
",0.907874698622,0.9066669625418242
"O=C(N[C@H]1C=C[C@H](C(=O)[O-])C1)c1cc(F)c(Cl)cc1Cl
",0.685526239471,0.679292252136506
"CC(C)n1nnnc1COc1cccc(C(=O)NC2CCCCCC2)c1
",0.788740417999,0.8023881464448723
"O=S(=O)(NCc1ccc(Cl)cc1Cl)c1ccccc1Br
",0.808684671537,0.8425032086487159
"COC[C@H](NC(=O)c1cc(-c2ccccc2)c(C)[nH]c1=O)C(N)=O
",0.732605291566,0.7189184761082138
"O[C@H]1CCCCC[C@H]1n1cc(-c2ccccc2Cl)cn1
",0.815571023597,0.8467856920985815
"CC1=C[C@@H](C)[C@H]2C(=O)N([C@H](Cc3ccccc3)C(=O)[O-])C(=O)[C@H]2C1
",0.618192455785,0.6091827334672918
"CCCCNS(=O)(=O)Cc1ccc([N+](=O)[O-])cc1
",0.46869011479,0.46546653222155376
"COc1ccc(CC[C@H]2C[C@@H](C(C)(C)C)CCC2=O)cc1
",0.769500993773,0.8051810382982997
"C[C@H]1CN(CC(=O)Nc2nc(-c3ccccc3Cl)cs2)CCO1
",0.907059028875,0.9191020338017921
"Cc1cc(Cl)cc(Cl)c1CNC(=O)c1cccs1
",0.862662558472,0.899663008595681
"CC(C)(C)OC(=O)NC1CCN(CC(=O)c2nccs2)CC1
",0.861518290634,0.8602593282332184
"COc1ccc(C)cc1[C@@H](C)NC[C@@H]1CN(C2CC2)CCO1
",0.874207962487,0.8754523449413459
"CCOC(=O)c1ccn(-c2cccc(NC(=O)C3CCCC3)c2)n1
",0.8437916345440001,0.8561117455322473
"O=C1N(C[NH+]2CCN(c3ccccc3)CC2)c2ccccc2C12O[C@@H]1CCCC[C@H]1O2
",0.829192003105,0.824201919506128
"CC(C)c1nc(C(=O)[O-])nn1-c1ccccc1F
",0.8207621810060001,0.8084476938087034
"C1=C[C@H]2C[C@@H]1C[C@H]2CN1CC[NH+](C2CCCCCC2)CC1
",0.6199746947479999,0.6176220241394887
"CC(C)C[C@H](C[NH+](C)C)Nc1ncncc1N
",0.672337114543,0.6539156874157122
"O=C1C=C(c2cccs2)C[C@H](c2cccs2)[C@@H]1n1cnc([N+](=O)[O-])n1
",0.500273273072,0.5144273119124877
"C[NH2+]C1CCC([NH+](C)CC(=O)N[C@H](C)c2ccco2)CC1
",0.687404615725,0.6609497150790962
"CC(C)c1nc2n(n1)CCC[C@H]2[NH2+]C[C@@H]1CCC[C@H](C)C1
",0.923802010573,0.9267412073143079
"CCCOC(=O)c1ccc(NC(=O)c2ccc[n+]([O-])c2)cc1
",0.52267912904,0.520796811383708
"CCOc1cc(CO)cc(Br)c1OCc1ccccc1F
",0.8184080112980001,0.8495100446880598
"O=C(Cn1nnn(-c2cccs2)c1=O)NC[C@@H]1CN(Cc2ccccc2)CCO1
",0.617565804177,0.6054214019594573
"CC(C)[C@H](O)CCNC(=O)C(=O)Nc1ccn(-c2ncccc2Cl)n1
",0.677071503801,0.6699382598411001
"Cc1cccc(C(=O)NCCS(=O)(=O)NCC2CCC2)c1C
",0.808223147236,0.802219724802546
"CCCC(=O)N1CCC(C(=O)NN=C(c2ccccc2)c2ccccc2)CC1
",0.602198074155,0.6176160768720327
"O=C(N[C@H](NC(=S)Nc1ccccc1)C(Cl)(Cl)Cl)c1cccc(Br)c1
",0.317246172198,0.33165977606276015
"CCN(Cc1ccccc1)C(=O)c1cc(NC(=O)Cc2ccccc2)n(C)n1
",0.676851273038,0.6881828153510472
"CC(C)CC(=O)N1CCN(C(=O)c2cnc3c(c2)NC(=O)CO3)CC1
",0.886386873118,0.8716147182095724
"O=C(Cc1csc(NC(=O)Nc2ccc(Cl)cc2)n1)NCCc1ccc(Cl)cc1
",0.455245937086,0.47509792861837796
"Cc1ccc2c(c1)C[C@@H](C[C@@H](C[NH3+])c1ccc(F)cc1)O2
",0.914895000568,0.9216440828713828
"CC1=C(C(=O)OC(C)C)[C@@H](c2ccc(C)s2)NC(=O)N1C
",0.8647339712630001,0.8733704447669733
"COc1cc(F)c([N+](=O)[O-])c(NC[C@@H](O)c2cnn(C)c2)c1
",0.62601817718,0.6206628471990655
"COc1ccc(C(=O)N2CCC([C@@]3(C)NC(=O)N(C4Cc5ccccc5C4)C3=O)CC2)cc1
",0.7231579180850001,0.7311332498458379
"CCc1cnc(NC(=O)c2cc(C)n(C(C)C)c2C)s1
",0.8948134210200002,0.9265745376519766
"COc1ccccc1-c1nc(C[NH+](C)Cc2ccc(C#N)cc2)cs1
",0.7374021389380001,0.7436222655998828
"COc1ccc(-c2noc(-c3cc(-c4ccc(Cl)cc4)n[nH]3)n2)cc1OC
",0.524164894859,0.5478902684301971
"CC[C@H](NC(=O)CN1C(=O)c2ccccc2N2C(=O)CC[C@]12C)c1ccc(C)cc1
",0.806992982699,0.8269253951750825
"Cc1ccc(CNC(=O)NCc2ccnc(OC(C)(C)C)c2)cn1
",0.876120781865,0.8845576582155251
"CCN(CCO)C(=O)Nc1cccc(C(=O)Nc2cccc(C#N)c2)c1
",0.7402113130239999,0.7429534655514533
"Cc1cccc(-c2nn(C[NH+]3CCCCC3)c(=S)n2-c2ccccc2)c1
",0.70327560036,0.7176473385921128
"C[NH2+][C@@H](C1CCCC1)[C@@H]1CCc2cccnc21
",0.8506612887620001,0.8451947518963776
"Cc1ccc(-c2cccc(F)c2C(=O)[O-])c(C)c1
",0.811896288838,0.8125044807876062
"CN(C)C(=O)[C@@H](Sc1nnc2n(C)c3ccccc3n12)c1ccccc1
",0.5144270754110001,0.5215012759818375
"Cc1ccc(C(=O)NNC(=O)c2ccc(SC[C@H]3CCCO3)c([N+](=O)[O-])c2)cc1
",0.41881019071,0.42566811277746514
"CCCn1/c(=N/C(=O)[C@@H](CCSC)NC(N)=O)[nH]c2ccccc21
",0.712940895419,0.7066938153093203
"Cn1/c(=N/C(=O)c2sccc2S(=O)(=O)N2CCOCC2)sc2ccccc21
",0.648724529741,0.645847470119297
"COc1ccccc1N1C[C@@H](C(=O)NN2C(=O)NC3(CCCCC3)C2=O)CC1=O
",0.749909166944,0.7417060453301116
"COc1cc(OC)cc(C(=O)Nc2ccccc2C(=O)NC(C)(C)C)c1
",0.8407919283249999,0.8597798283978827
"C[C@H](Nc1nc(-c2ccncc2)nc2ccccc12)c1ccccn1
",0.581954793082,0.6065699495102788
"CCOc1ccc(C[NH+]2CCC[C@H]([C@H](O)c3nccn3C)C2)cc1OC
",0.791179956848,0.7826701543352449
"O=C([O-])c1ccc([S@@](=O)Cc2ccc(O)cc2)cc1
",0.917053134499,0.9048391128099134
"CCc1nn(C)cc1CNC(=O)NCC(C)(C)Cc1ccccc1
",0.8111165964139999,0.8205258711540343
"COC(=C(C#N)C#N)c1cccs1
",0.531833499843,0.5300009460190117
"O=C(NCc1ccnc(OCC(F)F)c1)NCc1cscn1
",0.8192565810179999,0.8167054000013165
"C[C@@H](C(=O)N1CCCC1)N1CCN(C(=O)NCc2ccco2)CC1
",0.907392047088,0.8957610989533721
"CC(C)c1ccc(CN(C)C(=O)NCCCn2cccn2)cc1
",0.785048065818,0.7976871176569784
"CNC(=O)[C@@H]1CCCN(C(=O)Nc2nn(-c3ccccc3Cl)cc2C)C1
",0.859432703364,0.8652714668203071
"COc1ccccc1N1CC[NH+]([C@@H](C)C(=O)Nc2ccc(F)cc2)CC1
",0.8606705642389999,0.8529117471740243
"CN1C[NH+](C)CC2=C1NCNS2(=O)=O
",0.425179452146,0.4075675597565933
"CNC(=O)c1ccc(O[C@@H]2CCC[C@H]([NH3+])C2)nn1
",0.801799841308,0.7757757019131818
"COc1ccc(C(=O)O[C@@H](C)[C@@H]2CCCO2)cc1OC(F)F
",0.74701510646,0.7551799068421957
"Cc1ccc(/C=C2/SC(=S)N(CCC(=O)N3CCCc4ccccc43)C2=O)cc1
",0.511221348803,0.5347732501251186
"CCc1cccc(S(=O)(=O)Nc2cccc(-c3nnnn3C)c2)c1
",0.769026710818,0.767175523747485
"Cc1ccc2c(c1)CCN2C(=O)c1ccc(C)nc1C
",0.781732737443,0.79376342367074
"CCCNC(=O)CN1CCN(C(=O)Cc2c(C)nn(-c3ccccc3)c2C)CC1
",0.7782331589720001,0.7721088192194272
"Cc1ccc(C(=O)NC2CC[NH+](Cc3nc(-c4ccccc4)cs3)CC2)s1
",0.683883079473,0.6935298741360729
"CCOc1ccc(F)c(C(=O)OC[C@H]2CCCCO2)c1F
",0.7742314350920001,0.7839047958828221
"C[NH+]1CCC(NC(=O)c2ncoc2-c2ccccc2)CC1
",0.889885136792,0.8751117060145017
"O=C(NC[C@@H](O)CN1CCCC1=O)Nc1cccc(F)c1
",0.766822892684,0.7556125995870665
"CC[NH+]1CCC[C@H](NC(=O)c2ccc(OC)c(O)c2)C1
",0.756008315415,0.737535252330814
"O=C(CSCC(F)(F)F)N1CCN(c2ccc(Cl)cn2)CC1
",0.8302049047210001,0.8336054167047381
"COc1ccc(Cl)cc1S(=O)(=O)N[C@H](C)C(=O)NCc1ccc2c(c1)OCO2
",0.705234707757,0.7020859582818322
"Cn1cc(C(=O)Nc2ccc(-n3ccnn3)cc2)c(C(C)(C)C)n1
",0.801393138951,0.8029509655722064
"Cc1cccc(NC(=O)C[C@@H]2CCCCO2)c1C(=O)[O-]
",0.908037706953,0.8975070953625992
"Clc1ccc([C@H](NCCc2nnc3ccccn23)C2CC2)cc1Cl
",0.681563266213,0.7110943653917281
"Clc1ccc(OCCCCSc2ncccn2)cc1Cl
",0.399166963828,0.41763937021344233
"Cn1nnc2cc(C(=O)N[C@@H](C#N)c3ccc(Cl)c(Cl)c3)ccc21
",0.764167600583,0.77708111340602
"Cc1cc(C)cc(-c2nnc(Sc3nc(C(C)C)ns3)o2)c1
",0.671159664597,0.7016403480922824
"C/C(=C/c1ccc(F)cc1)C(=O)NCc1cccc(OCC(F)F)n1
",0.7575497391439999,0.7767433367598552
"CC(C)Nc1cccc(CNC(=O)N[C@@H]2CC[NH+](CC3CC3)C2)c1
",0.616526757257,0.6099847856884962
"O=C(COc1ccc(F)cc1F)NC[C@H](O)c1ccccc1Cl
",0.8430145114640001,0.8491217497331396
"Cc1ccc(-n2nc3c(c2NC(=O)C(C)C)C[S@@](=O)C3)cc1
",0.944291701836,0.9459319746332078
"COc1nc(Oc2ccc3ccccc3c2)ccc1N
",0.7661308529430001,0.7862569915574997
"O=C(c1ccccc1)c1ccc2nc(Nc3ccccc3)c3nncn3c2c1
",0.462596040714,0.48209601996859025
"O=C(C[C@@H](O)c1cccc(F)c1)Nc1cc(F)ccc1O
",0.755314606876,0.759134923516924
"CC(C)c1nc(CSCc2ccnn2C)no1
",0.817970655203,0.8172657801525225
"O=C(C1CCC1)N1CCC[C@H]1c1nc2cc(-c3ccccc3)ccc2o1
",0.644820706199,0.6733263392247817
"O=C(CC[C@@H]1NC(=O)NC1=O)NC1CCN(c2ccccc2F)CC1
",0.7002484414489999,0.689783093287107
"Cc1ccc(-n2nc3c(c2NC(=O)c2ccc(Br)o2)CSC3)cc1C
",0.632386087119,0.6612272207562127
"C=CCn1c(SCc2nnc([S-])n2-c2ccccc2)nnc1-c1ccccc1
",0.255169221321,0.2639136866880733
"c1nnn(C23C[C@H]4C[C@H](CC(c5nc6c7cn[nH]c7ncn6n5)(C4)C2)C3)n1
",0.576870037165,0.5700707792025947
"CCCn1ncnc1COc1ccc(C)nc1C[C@H](C)[NH3+]
",0.839564944488,0.8289986920336061
"CCSc1ccc(C(=O)N2CC[C@H](C)[C@H](O)C2)cn1
",0.864980010393,0.8608987206514863
"C[C@H]1[C@H](C(=O)[O-])CCN1S(=O)(=O)[C@@H](C)C#N
",0.648556681309,0.6139622008525947
"COc1ccccc1NC(=O)CSc1nnc(C)c(=O)n1N
",0.6183467446190001,0.6052274980904822
"Cc1ccc(S(=O)(=O)OCCc2coc3ccccc23)cc1
",0.6551451625110001,0.6736557957627793
"COc1ccccc1[C@@H](C)NC(=O)[C@@H](C)Oc1cccc(F)c1
",0.867651530073,0.8871180926914349
"CC[C@@H](Oc1ccccc1/C=C1\S/C(=N\c2cccc(O)c2)N(CC)C1=O)C(=O)[O-]
",0.678581325724,0.684562251101029
"C[C@@H]([NH2+]C[C@H]1CC[C@H](C(N)=O)O1)c1ccc2c(c1)OCCCO2
",0.843456423848,0.826840630266443
"Cc1ccccc1Nc1nc(N)nc(COc2ccc(F)c(Cl)c2)n1
",0.695418990634,0.7186500464529517
"CC(=O)Nc1ccc(OC(=O)/C=C/c2ccc(C(N)=O)cc2)cc1
",0.501310045299,0.5008971269496351
"O=C([O-])c1ccc(-c2ccncc2)cn1
",0.720409872482,0.7062370519969227
"O[C@H](c1c(F)c(F)c(F)c(F)c1F)C(Cl)(Cl)Cl
",0.350918053913,0.36176943971795933
"COc1ccc(/C=N/NC(=O)CNc2ccc3ccccc3c2)cc1OC
",0.488199584608,0.4983619523545741
"Cc1ccc(NC(=O)/C(C#N)=C/c2cc(C)n(-c3ccc(O)cc3)c2C)cc1Cl
",0.440079857891,0.4558720383746782
"Cc1cccn2c(=O)c(C(=O)N[C@H]3CCN(C(=O)C(C)C)C3)cnc12
",0.914334746351,0.901508930014565
"O=C(NCCCS(=O)(=O)c1ccccc1)c1n[nH]c2ccccc12
",0.673254974316,0.6709655403294649
"C1=C(CC[NH2+]Cc2ccco2)CCCC1
",0.582279190991,0.5808290048808884
"CCN(CC(=O)NCc1ccc(F)cc1)C(=O)c1cnc(-c2cccnc2)s1
",0.654859426318,0.6635539820707265
"FC(F)(F)c1cccc2c1CCCC2
",0.585197324868,0.6000225059244342
"CN(C)C(=O)CCCNC(=O)c1ccnc(OC(C)(C)C)c1
",0.819618753773,0.8143036301509592
"Cc1ccc(NC(=O)[C@H](C)[NH+](C)Cc2nnc(C3CC3)n2C)c(C)c1
",0.8419923005750001,0.8329032433729325
"CN(C)c1cccc(C(=O)OCC(=O)C(C)(C)C)c1
",0.7819050072820001,0.7831051300369798
"Cc1nsnc1Cn1nnc(C(=O)NC(C)C)c1C
",0.913555662299,0.9002229945884027
"CC(=O)Cc1nsc(N[C@@H](C)c2ccccc2)n1
",0.89245191815,0.8988444187548483
"COc1ccc(CNC(=O)[C@H]2Oc3ccccc3O[C@@H]2C)cn1
",0.939076118558,0.9336815553639733
"[NH3+]CC1CCC(c2nc3ccc(Cl)cc3s2)CC1
",0.880223391995,0.8996458790533253
"CCN(C(=O)NC1CC[NH+](C[C@@H](O)COC)CC1)C1CCCC1
",0.634568938854,0.6170091760802012
"CCSc1nc2ccccc2c(=O)n1CCc1ccccc1
",0.516110103217,0.5315793582995882
"Cc1cc(C(=O)COC(=O)c2cc(Cl)c3c(c2)OCCCO3)c(C)n1C1CC1
",0.527218400636,0.5498396449111109
"COc1ccc([C@@H](CNC(=O)c2ccc([N+](=O)[O-])o2)[NH+](C)C)cc1
",0.585922350301,0.5766178246729823
"CC[C@H](NC(=O)c1ccc(C#N)cn1)C(=O)N1CCOCC1
",0.883770840513,0.8639443529954435
"CCOC(=O)NC(=O)c1c(NC(=O)Cc2ccc(F)cc2)sc2c1CC[C@H](C)C2
",0.737928403594,0.7663429512104788
"CC(C)n1cnnc1SCC(=O)Nc1ccc2c(c1)nc(C1CC1)n2C
",0.660782916689,0.673389668122171
"CCc1ccc([C@H](O)C2(C[NH3+])CCCC2)cc1
",0.826539374538,0.8230641890873348
"COc1ccc(CNC(=O)N2CCc3c([nH]c4ccccc34)[C@H]2C)cc1OC
",0.694019905798,0.7196500486359028
"COc1ccc([C@@H]2C(C#N)=C(N)Oc3cc(C)n(CCN4CCOCC4)c(=O)c32)cc1OC
",0.7107281559659999,0.7052720459436834
"O=c1[nH]nc([O-])n1/N=C/c1ccco1
",0.655672568799,0.6256573872684696
"C[C@H](Oc1cccc(Cl)c1)C(=O)N1CCC(Cc2ccccc2)CC1
",0.7483392525720001,0.7829001969930464
"COc1cc([C@@H]2C(C(=O)Nc3ccc(F)cc3)=C(C)Nc3nc(C)nn32)cc(OC)c1OC
",0.571398419589,0.5873807629667605
"CC[C@@H](C)[C@@H](O)C[NH2+][C@@H](c1cccs1)C1CC1
",0.771080517078,0.7685732632437492
"CSc1cc(-c2cccs2)oc(=O)c1C#N
",0.760405382114,0.7677305643958661
"CC(C)[C@@H](NC(=O)c1ccc(NS(C)(=O)=O)cc1)C(=O)[O-]
",0.766761668387,0.7386367724721484
"[NH3+][C@H](CO)c1ccc(N2CCOCC2)c(Cl)c1Cl
",0.8884465474169999,0.8769578180102185
"CCCn1cc(NC(=O)c2cc3nc(-c4ccccc4)cc(-c4ccccc4)n3n2)cn1
",0.403208474816,0.42124268579021207
"Cc1ccc(S(=O)(=O)N2CCC(C(=O)N3CCCc4ccccc43)CC2)cc1C
",0.751553185717,0.7726690485665781
"C=CCN(CC=C)C(=O)C1CCN(C(=O)C(C)(C)C)CC1
",0.729883135995,0.7304153094982195
"Cc1nc(CSc2nncc3ccccc23)nc2ccccc12
",0.509845401427,0.530545018229413
"C[C@H]1CCCC[NH+]1C[C@@H]1CCC(C)(C)[C@@H]1[NH3+]
",0.700846404816,0.6868951510511339
"COc1cc(C(=O)Nc2ccccc2Oc2ccccc2)on1
",0.754879983256,0.7770170903470117
"COc1ccc(S(=O)(=O)N2CCOCC2)cc1NC(=O)/C=C/c1ccc(F)c(Cl)c1
",0.668109268421,0.6775849343083156
"Cc1ccc(F)c(C[NH+]2CCC(C(=O)NC(C)C)CC2)c1
",0.874209941904,0.8655144461470025
"CCn1nc(C)c(CNC(=O)[C@H]2[NH+]=c3ccccc3=C2NC(=O)c2cccc(C)c2)c1C
",0.52151272115,0.5045560846876593
"COc1ccc(C(=O)N2CCC[C@H](C(=O)Nc3cc(Cl)ccc3F)C2)c2ccccc12
",0.58736048268,0.6113148473750353
"CCc1ccc(/C=C(\C#N)C(N)=O)s1
",0.608641728564,0.6038558797277122
"COc1cccc(N2C(=O)Nc3ccccc3[C@]2(O)C(=O)NCc2ccccc2)c1
",0.600936953006,0.6101709315133534
"COC(=O)c1sccc1NC(=O)[C@@H]1CC[NH2+][C@@H]1C
",0.798803286569,0.7823849558030715
"C/[NH+]=C(/NCc1ccc([N+]2=CCCC2)cc1)N[C@H]1CC[C@@H](SC)C1
",0.431766580678,0.42664284766609295
"N#Cc1csc(C(=O)N2CC[C@H]3CCCC[C@@H]32)c1
",0.770233700276,0.7787140405699793
"Cc1cccc(NC(=O)[C@H](C)[S@@](=O)Cc2ccc(F)c(F)c2)c1C
",0.860813942905,0.8891140460267998
"CNS(=O)(=O)c1cccc([C@H](C)NC(=O)c2ccc(Cn3cccn3)cc2)c1
",0.6396044941800001,0.6388011409033137
"CC[NH2+][C@@]1(C(=O)OC)CCC[C@@H](Oc2ccccc2)C1
",0.838554647032,0.8305559399873809
"COCCCn1c(C)c(C)c(C#N)c1NC(=O)C[NH+]1CC(C)(C)C1(C)C
",0.731741764306,0.725688482455902
"C[C@H]1CCC[C@@H](C)N1C(=O)[C@H]1C[C@H]1c1ccccc1Cl
",0.7662004934550001,0.7982217944356191
"COCc1ccc(C[NH+](C)Cc2ccccc2O)o1
",0.834825170029,0.825780444861667
"Cc1c(F)cc(N)cc1S(=O)(=O)NCC(N)=O
",0.6575291929689999,0.632279283311988
"CCNS(=O)(=O)[C@@H]1CC[NH+](C[C@@H]2CCCc3ccccc32)C1
",0.8527716653630001,0.8381555412344183
"CC1(C)[C@@H]2CC[C@@]1(CS(=O)(=O)NCCCO)C(=O)C2
",0.7169625440180001,0.7045056567930668
"COc1ccc(-n2ccc(CNC(=O)c3cc(Cl)ccc3[N+](=O)[O-])n2)cc1
",0.506919274252,0.5168395292959
"CC[C@@H](NC(=O)NC1CCC(C(=O)OC(C)(C)C)CC1)[C@H]1CCCO1
",0.733637391411,0.7437454418241394
"CN(CC[NH+](C)C)C(=O)C[C@H]1COCCN1C(=O)c1ccc2[nH]nnc2c1
",0.696812660019,0.6607595832006139
"CC[C@H](c1ccc(F)cc1)N(C)C(=O)Cn1nnc(-c2ccccc2)n1
",0.674653106963,0.6830744658108913
"O=C(Cn1cccc1-c1nc(-c2ccc(OC(F)(F)F)cc2)no1)Nc1nccs1
",0.468589588042,0.487857605570401
"CCc1nsc(Nc2ccc(CC(=O)N3CC[NH+](CC)CC3)cc2)n1
",0.821212960879,0.8108050384880308
"CS[C@@H]1CC[C@H](NC(=O)/C=C(/C)c2ccccc2)C1
",0.833317402528,0.8522686169906805
"Cc1ccc([N+](=O)[O-])cc1NCC(=O)N[C@](C)(C#N)C1CC1
",0.620152818486,0.6178112600620328
"CC1(C)[C@H]2OCC[C@@H]2[C@H]1NC(=O)CCNC(=O)C12CC3CC(CC(C3)C1)C2
",0.774715439138,0.7773473579684133
"c1ccc(COC2CC[NH+](Cc3cccnc3)CC2)cc1
",0.912254674732,0.9062424914417629
"O=C(C1CCCC1)N1CCC[C@@H]([NH+]2CCC(CO)CC2)C1
",0.810749681612,0.7942005002297559
"COC(=O)CNC(=O)c1sc2ncn(CC(=O)N3CCCCC3)c(=O)c2c1C
",0.7443758281899999,0.7314255638828568
"CC(C)CCNC(=O)[C@@H](C)Oc1ccc(N)cc1C(=O)[O-]
",0.728576495889,0.7147861697953647
"CCN(CC)C(=O)[C@@H]1C[C@@H]([NH3+])CN1C(=O)Cc1cccc(O)c1
",0.8239488103749999,0.801139391297151
"COc1ccc(F)cc1NC(=O)N1CCO[C@H](c2ccc(C)o2)C1
",0.917711852439,0.9349123894863102
"COc1ccc(-c2nnc(SCC(=O)c3ccc(Br)cc3)o2)cc1OC
",0.382511436221,0.3999252128674662
"CC(C)=CC(=O)NCCC1CCN(c2cc[nH+]cc2)CC1
",0.846844722537,0.8442892573254481
"C[C@]1(O)[C@](C)(O)[C@@H](CO)O[C@](C)(Oc2c[nH]c3ccc(Br)c(Cl)c23)[C@]1(C)O
",0.476800756495,0.47615403626494773
"O=C(CCCc1nc(-c2cccnc2)no1)N1CCC[C@@H](Cc2ccccc2)C1
",0.590412333552,0.6110420214196677
"Cn1nc(NC(=O)c2cccc(F)c2)c2c1NC(=O)C[C@@H]2c1ccccc1
",0.7360564076389999,0.7487925344346411
"O=C(CSc1ccncc1)NCCN1Cc2ccccc2O[C@@H](c2ccccc2)C1
",0.568670298917,0.5883951869354777
"N#Cc1ccc(OCCn2cc(Cl)cn2)cc1
",0.833300116233,0.8341011504592841
"C[C@@H]1CCN(C(=O)Nc2ccc(O[C@@H]3CCOC3)cc2)[C@H](C)C1
",0.906647420763,0.9276736560816987
"CC[C@H](C)[C@H](C)[NH2+]Cc1ncccc1F
",0.795366707887,0.7892221492384154
"C#CC(C)(C)NC(=O)c1ccc(OC)c(O)c1
",0.7857565489849999,0.7785166633381184
"COc1cc([N+](=O)[O-])ccc1OCc1nc(-c2cccs2)no1
",0.494985148007,0.5036555178082119
"CC1CCN(C(=O)C[NH+]2CCC[C@@H](c3nc4ccccc4o3)C2)CC1
",0.932223038924,0.926104234710517
"C[C@H]1CCC[C@H](NC(=O)Cc2c[nH]c3ccccc23)[C@@H]1C
",0.864007565416,0.8875078769974428
"Cn1nc(CNC(=O)Nc2ccccc2C(F)(F)F)cc1-c1ccncc1
",0.705659416325,0.7281918810858103
"CC[NH2+]C[C@H](Cc1cscn1)c1cccc(F)c1
",0.854747501233,0.8521903854300313
"CCCCS(=O)(=O)N1CCN(c2ccc(-n3ccnc3C)nn2)CC1
",0.775519748732,0.7663014010663085
"O=C(c1cc2ccccc2o1)N(C[C@H]1CCCO1)c1nc2c(F)cccc2s1
",0.466465133463,0.48670736010523835
"C[C@H](CC#N)Sc1ccccc1NC(=O)c1ccc(Cl)nc1Cl
",0.570583376283,0.5950516377547123
"O=C(CCCc1nc2ccccc2s1)N[C@H]1CCOC1=O
",0.862423908106,0.8584835788579956
"COC(=O)c1cc(S(=O)(=O)N[C@H](C)c2ccccc2C)cn1C
",0.851805795753,0.8489377933982863
"Cc1cnn(CC(=O)[C@@H](C#N)c2nc([O-])c3ccc(Cl)cc3n2)c1
",0.7208674782529999,0.7154209363400293
"COc1ccc(C)cc1NC(=O)[C@H]1CCCN1c1cc(C)ccc1[N+](=O)[O-]
",0.6196387381490001,0.6395110057391848
"CC[NH+]1CCC2(CC1)OC[C@H](C(=O)[O-])N2C(=O)c1ccc(F)cc1
",0.7942829309810001,0.7534418698572324
"Cc1ccc2c(c1)N(C(=O)C[C@H](O)c1ccc(Cl)cc1)CC2
",0.913587824969,0.9386889152727553
"O=c1[nH]cnc2c1[nH]c(=S)n2[C@@H]1O[C@H](CO)[C@@H](O)[C@H]1O
",0.446358388219,0.42096971368344793
"Cc1cn2c([nH+]1)CC[C@H](NC(=O)C[C@@H]1CCCc3ccccc31)C2
",0.924779236079,0.9265948595910797
"CC(=O)c1cc(CN2CCC3=NN=C(c4ccccc4F)[C@@H]3C2)cs1
",0.7606667012880001,0.7838729540830519
"C[C@H](Nc1ccc(S(=O)(=O)N2CCCCC2)cn1)[C@@H](C)CO
",0.837306567438,0.8305947199262259
"COCCn1nc(C)c(NC(=O)N2CCC[C@H]2c2cccc(C)c2)c1C
",0.858335924772,0.8857705830694257
"CCCCS(=O)(=O)[N-]c1ccc(NC(=O)[C@H]2CCC[NH+](C)C2)cc1
",0.7887789389740001,0.7824554129810898
"Fc1ccc(Oc2ccnc(Sc3nnc(-c4cccs4)o3)n2)cc1
",0.450385759411,0.4712716583081294
"N#Cc1ccc(NC(=O)[C@@H]2CSCN2C(=O)c2cn(Cc3ccccc3)c3ccccc23)cc1
",0.441435222,0.4618868951061532
"CC[C@@H](C)n1nccc1NC(=O)C(=O)N1CCc2cc(F)ccc2C1
",0.8689963884890001,0.8702223299369144
"Cc1ccc(-c2cnc(CCC(=O)N(C)C3CCOCC3)o2)cc1
",0.832454424342,0.8454780141564137
"C[C@H](CNC(=O)c1ccc(-c2ccccc2)[nH]c1=O)Oc1ccc(F)cc1
",0.688976678845,0.7025657026327375
"CCOC(=O)c1c(NC(=O)[C@H]2CCCN2S(C)(=O)=O)sc2ccccc12
",0.7836354230789999,0.7838471303570764
"Cc1ccc(C(=O)Cc2cccc(O)c2)cc1
",0.8055238005550001,0.8162822266598877
"Cc1ccccc1-c1nn(CN2CCCc3ccc(S(C)(=O)=O)cc32)c(=S)o1
",0.579166406755,0.6002785069826465
"CCOc1cccc([C@H](C)NC[C@@](C)(O)c2ccc(F)cc2F)c1
",0.7787457693019999,0.8056759350308587
"CC[C@@H]1CCCCCN1C(=O)c1cnc2sc(C)cn2c1=O
",0.8487055299580001,0.8550651970634149
"N#Cc1ccc(OCC(=O)NCc2cccc(CO)c2)cc1
",0.856855663092,0.8504385735218591
"O=C(Nc1ccccc1)NC1CCN(C(=O)[C@H]2CCCC[C@H]2C(F)(F)F)CC1
",0.7730377768089999,0.804326519605341
"CC1(C)CCC(O)(C[NH2+][C@@H]2CCOC3(CCC3)C2)CC1
",0.835699227063,0.8312952414057344
"[NH3+][C@H]1CCC[C@H]1CCN1C(=O)c2cccc3cccc1c23
",0.920796355691,0.9233348292192216
"C#CCN(Cc1cc(Br)cc(OC)c1O)[C@@H]1CCS(=O)(=O)C1
",0.785142684078,0.7795396097331102
"Cc1ccc(-c2nc3nc(CN4CC[NH+](C)CC4)cc([O-])n3n2)cc1
",0.724673587554,0.6972040427562238
"C[C@@](O)(CNC(=O)C1CCCC1)c1cccs1
",0.8663158301270001,0.8644636057240918
"O[C@H](CSc1nnc(-c2c[nH]c3ccccc23)n1C1CC1)CN1CCOCC1
",0.593544306834,0.5946594697400331
"C[C@@H]1CCC/C(=N/[NH+]=C(/[S-])NCc2ccccc2)C1
",0.382116287511,0.37791011845572325
"O=C(c1cc2ccc(Cl)cc2[nH]1)N1CCC[C@@H]1Cn1nnc(-c2cccs2)n1
",0.534531086827,0.551867379020604
"COc1ccc(S(=O)(=O)Oc2ccc(C(C)=O)cc2OC)cc1
",0.5935805894430001,0.5959597204576729
"CC(C)c1ccccc1NC(=O)C[NH+](C(C)C)[C@@H]1CCCC[C@@H]1O
",0.749177092038,0.7483839047163419
"O=Cc1ccn(-c2ccc(Br)cc2)c1
",0.741926914594,0.7505623028313252
"O=C(C1CC1)N1CCC[C@H](Cn2cc[nH+]c2-c2cc3n(n2)CC[NH2+]C3)C1
",0.855915447613,0.8302209834083186
"O=C(CCNc1ccccc1[N+](=O)[O-])N1CCC[C@@H]([NH+]2CCCC2)C1
",0.603821161676,0.5957959837434547
"Cc1ccc2c(c1)-c1onc(C(=O)N3C[C@@H](C)C[C@H](C)C3)c1CO2
",0.780877524576,0.802317148158797
"O=C(COC(=O)c1ccc(Cl)nc1)NC(=O)Nc1ccc2c(c1)OCCO2
",0.6075473289760001,0.6045218652180364
"CCC[C@@H]1C[C@H]1NC(=O)C1(c2ccc(F)cc2F)CCOCC1
",0.8865246949590001,0.9026012833782658
"CCOC(=O)C1CCC(NC(=O)[C@@](C)([NH3+])CC)CC1
",0.7327890420190001,0.7196157378402871
"CC[C@@H](O)C(=O)NCc1cccnc1Oc1ccccc1OC
",0.820489266672,0.8188133004204872
"C[C@@H](Sc1nnc(-c2cccs2)n1-c1ccccc1)C(=O)N1CC(=O)Nc2ccccc21
",0.424774353633,0.4439895537819318
"Cc1cc(F)ccc1NC(=O)COc1ccc2c(c1)CCC2
",0.911232909129,0.935739246792228
"C[C@H](NC(=O)NCCC[S@](C)=O)c1ccc(Cl)s1
",0.7921670334890001,0.7934533540506414
"O=C(Cn1c(=O)c(=O)n(Cc2ccncc2)c2ncccc21)NCCc1ccccc1
",0.464707563477,0.45972667081489593
"CS(=O)(=O)c1ccc(C(=O)Nc2ccc(F)c(F)c2F)cc1
",0.876027540649,0.8808985067365777
"CCCCOc1ccccc1/C=C1\SC(N2CCC(C)CC2)=NC1=O
",0.545986395365,0.5711458462849079
"CC(C)[C@@H](CNC(=O)N1CCc2ccc(Cl)cc2C1)c1cccnc1
",0.853100308117,0.8889078088585695
"CCCOc1ncnc(Nc2cc(Cl)cc(Cl)c2)c1N
",0.846851084726,0.8756061978039044
"CC(=O)Nc1ccc(NC(=O)c2nnn(-c3ccc(C)c(C)c3)c2C)cc1
",0.728533568042,0.7433873497855775
"CCOC1CC[NH+](CC[C@@H](O)c2ccc(C)c(F)c2)CC1
",0.843775558723,0.8366990420299056
"IC[C@@H]1Cn2c(nnc2-c2ccncc2)S1
",0.620658363222,0.6192340112768876
"CCOc1ccc([C@H]2CCCN2C(=O)c2[nH]c(C)c(C(C)=O)c2C)cc1
",0.785773784472,0.8182615986709358
"CC(C)CONc1ncnc2sc3c(c12)CCC3
",0.8481961710979999,0.8606178813144186
"CC(C)[C@@H](ON1C(=O)c2ccccc2C1=O)C(=O)[O-]
",0.7326963783789999,0.7120614408464381
"COC[C@H](O)C[NH+]1CCC(C)(C)C1
",0.638922357812,0.6121072373201847
"COC(=O)[C@@H](c1ccccc1Cl)N1CCCSCC1
",0.794450055718,0.8026416106434617
"O=C(Nc1nc2ccc(F)cc2s1)c1cc(-c2ccccc2O)[nH]n1
",0.506421160324,0.5220491704805802
"C/C(=N\Nc1ncnc2sc(C)c(C)c12)c1cccc(OC(F)F)c1
",0.502517723716,0.525753704536651
"CC(C)CN1CCO[C@@H](CNC(=O)/C=C/c2ccnc(Cl)c2)C1
",0.6402567251519999,0.6385663660229383
"Cc1cc(F)ccc1CCNC(=O)Cc1c[nH]c2c(C)cccc12
",0.713193538892,0.736017751965527
"NC(=O)[C@@H]1CCCN(C(=O)Cn2nc(-c3cccs3)oc2=O)C1
",0.8825112816060001,0.862267917003509
"CCCCCn1c(SCC(=O)[O-])nc2ccccc2c1=O
",0.443796522482,0.4392909693514294
"Cc1ccc2nc(NC(=O)c3ccc(OCc4nc(-c5ccco5)cs4)cc3)sc2c1
",0.336337681639,0.33762763050855266
"COc1ccccc1N1CCN(c2ccc(=O)n(CC(=O)NC3CC3)n2)CC1
",0.809484679965,0.7970285903923898
"C/C(=C/C(=O)N[C@@H](C)c1c(C)noc1C)c1ccccc1OC(F)F
",0.7632352745730001,0.7942195835580305
"COCCn1nc(C)c(NC(=O)N2CC[C@H](Cc3ccccc3)C2)c1C
",0.850502989385,0.8642951087332185
"Cc1ccsc1C[NH+](Cc1nc2ccccc2n1C(C)C)C[C@H](C)O
",0.675466136831,0.6818444052065875
"Cc1cccc(CNC(=O)C[C@H]2Oc3ccc(C)cc3NC2=O)c1
",0.904309873744,0.9085028485804529
"C[C@@H](c1ccc([S@](C)=O)cc1)N(C)C(=O)c1cc2cccc(F)c2o1
",0.6763100017389999,0.7033158216334862
"COc1cc(OC)c(C(C)=O)cc1CSc1nnnn1-c1ccccc1
",0.460026434553,0.46670620096005017
"Cc1sc(=O)n(CCC(=O)NC2CC(C)(C)[NH2+]C(C)(C)C2)c1C
",0.87758027819,0.8678475595708538
"CC[C@@H]1CCCCN1C(=S)NC(=O)c1ccc(C)cc1
",0.834281748997,0.8484745690282658
"CCC[C@H](C)C(=O)N[C@H](C)c1cccc(Br)c1
",0.840225166448,0.8722422592663559
"COc1cccc([C@H]2CCCN2C(=O)c2ccccc2I)c1
",0.68245071406,0.7115283610226352
"C[C@H](NC(=O)N1CCCC[C@@H]1C1OCCO1)c1cccc(-n2ccnc2)c1
",0.8916791384010001,0.8985604106139357
"CS(=O)(=O)N1CCC[C@@H](C[NH+]2CCC[C@H](CO)C2)C1
",0.730246450224,0.6943933530563722
"CCN(C(=O)Cn1nc2n(c1=O)CCCCC2)[C@H]1CCS(=O)(=O)C1
",0.7694204142319999,0.7450435175494853
"COc1ccccc1NC[C@H]1CCCN(S(C)(=O)=O)C1
",0.906515878436,0.8999907985956256
"COc1cc([C@@H]2CC(=O)Nc3c2cnn3Cc2cccnc2)cc2c1OCO2
",0.7494114887019999,0.7507165479170413
"O=C(CNc1ccc(Cl)cc1NC(=O)c1ccco1)Nc1ccc(F)c(Cl)c1
",0.499140914174,0.5206082661824378
"Cc1nn(C)cc1[C@@H](C)NC(=O)C(=O)Nc1ccc(OCC2CCCCC2)cc1
",0.713018406974,0.7294939106107694
"CC(C)(C)[S@](=O)CCNC(=O)c1cccc(F)c1Cl
",0.92442771147,0.929505559212904
"C[C@@H](O)c1ccc(F)cc1OCc1nc(C(C)(C)C)cs1
",0.883011211232,0.919551978540161
"COC[C@H](NC(=O)Nc1cn[nH]c1)c1ccc(F)c(F)c1
",0.79341366771,0.7910898307165218
"C[C@@H]1CS(=O)(=O)N(c2ccc(S(=O)(=O)Nc3ccccc3C(F)(F)F)cc2)C1=O
",0.770212335807,0.7753646851228392
"CC(C)c1ccc2c(c1)[C@]1(CC(O)=Nc3c1cnn3Cc1ccccc1Cl)C(=O)N2C
",0.605952769188,0.6327028632657428
"CC[C@@H](C)C(=O)NCC(=O)N(C)[C@@H](C)c1cc(F)ccc1F
",0.8746115731280001,0.8776981406944903
"CO/N=C\C(C#N)=C/c1cccnc1
",0.413685751923,0.41014433602324274
"CO[C@H](c1ccc(Cl)cc1)[C@@H](C)NC(=O)C(=O)Nc1ccccc1C
",0.784417569067,0.8020235502808257
"CC(C)CNC(=O)[C@](C)(N)C(F)(F)F
",0.744031153168,0.733944373330012
"C[C@@H](C(=O)C1=c2ccccc2=[NH+]C1)[NH+]1CCC[C@@H]1[C@@H]1CC=CS1
",0.7526624408079999,0.711342997295973
"Cc1nc(Br)ccc1NC(=O)NCc1cnn(C)c1
",0.852883920556,0.850493839430876
"COc1c(C)cnc(CNC(=O)Nc2ccc(N(C)C)cc2)c1C
",0.873943398336,0.8849714367147047
"COc1ccc2cc(COC(=O)COc3ccccc3C#N)ccc2c1
",0.6138403973040001,0.6337684856405411
"CCS(=O)(=O)CCN(C)Cc1c[nH]nc1-c1ccc(C)cc1
",0.851176306525,0.8492463609581443
"COc1ccc([C@@](C)([NH3+])Cc2[nH+]ccn2C)cc1
",0.858852051818,0.8424312352560728
"C[C@H]1CCN(C(=O)NCCc2nnc3n2CCCCC3)[C@@H](C)C1
",0.930737378783,0.9301529522654554
"O=C(NC[C@@H]1CCC[NH+](Cc2ccccc2F)C1)c1nc[nH]n1
",0.754334071304,0.7355280369040232
"O=C1CC[C@@H](NC(=O)COc2ccc(Cl)c(Cl)c2)CN1
",0.895747691735,0.8892069784094775
"Cc1noc(C)c1COc1ccc(C[NH2+]C[C@H]2CCCO2)cc1
",0.852817427718,0.849495138231625
"N#Cc1cnn2c1N[C@@H](c1ccccc1)C[C@@H]2C(F)F
",0.903123001115,0.9150106111431956
"C[C@@H]1Cc2ccccc2N1C(=O)[C@H]1CCCN(C(=O)NC2CC2)C1
",0.905715044519,0.9074411356416935
"COCc1nc(C(=O)OCC2=CC[C@H]3C[C@@H]2C3(C)C)cs1
",0.6045146629770001,0.6174159186611271
"CCN(Cc1ccc(Br)s1)C(=O)C[NH+](C)CC(=O)[O-]
",0.7290671639920001,0.6957424174276244
"O=C([O-])[C@H]1CCCN(c2ccc([O-])nn2)C1
",0.6397428196530001,0.6041655533621872
"COc1ccc(CCCC(=O)Nc2cccc(S(N)(=O)=O)c2)cc1F
",0.785928519809,0.7861705500881672
"Fc1ccccc1[C@@H](c1nnnn1C1CCCCC1)[NH+]1CCN(c2ccccc2)CC1
",0.6839460235160001,0.6884305753010721
"O=C(C/C(=N\Nc1nc(-c2ccccc2)cs1)c1ccccc1)C(F)(F)F
",0.45049498699,0.4686915637018907
"C[C@H]([NH2+]CC(=O)N(C)C)c1ccc(Cl)s1
",0.8617179225149999,0.8506441565605828
"CCOC(=O)COc1ccccc1/C=C1/C(=O)NC(=O)N(c2ccc3c(c2)OCO3)C1=O
",0.415249052497,0.4132339348461319
"Cc1cc(C(=O)NNC(=O)c2cccc3ccccc23)c(C)o1
",0.70511387106,0.7145047744794554
"COc1ccc(-c2csc(NC(=O)Nc3ccc(F)cc3)n2)cc1OC
",0.654685470459,0.684976127773927
"Cc1ccc(C)c(S(=O)(=O)N2CCN([C@H](C)c3nc(N)nc(Nc4ccccc4)n3)CC2)c1
",0.563796443677,0.5682786961983642
"Cc1cccc(C)c1-n1nnnc1CSCc1nnc(C)n1C
",0.716366782463,0.7138713450667525
"COc1cccc(C(=O)N[C@@](C)(C(N)=O)c2cccc(Cl)c2)c1
",0.881415301078,0.8821554525032647
"C[C@H](CCO)[NH2+][C@H]1CCc2c(Br)cccc21
",0.875268182636,0.8689057369961842
"CCc1ccsc1-c1cnc(C[NH3+])o1
",0.842823681984,0.8362300334144289
"NC(=O)C1(N2CCCC2)CC[NH2+]CC1
",0.609643496307,0.5769031184891699
"CC(C)C[C@@H]([NH3+])C(=O)N1CC[C@H](C(=O)[O-])[C@@H]1C
",0.6971979761210001,0.6594276423023463
"CC[C@H](C)Cn1c(CCCl)nc2c(C)nn(C)c21
",0.775405632448,0.7819518024925675
"Cc1csc([C@H](C)NC(=O)CCC[NH+]2CCCCC2)n1
",0.8433098161560001,0.8350892351648672
"CCC(=O)NN/C(C)=C/C(=O)NCC(C)(C)C
",0.504769471428,0.49813978857757857
"CCC(=O)N1CCC([NH+](C)Cc2ccc(SC)c(OC)c2)CC1
",0.809845831172,0.8044124672647198
"Clc1ccc(CNc2ncccc2Cl)cn1
",0.8359348693950001,0.8528050925984971
"C[C@H](c1nc(C(C)(C)C)no1)[S@](=O)Cc1ncn(-c2ccccc2)n1
",0.689362991994,0.6959417564567282
"Cn1cnn(C[NH+](Cc2ccc(F)cc2)C2CC2)c1=S
",0.850965805075,0.841379302632969
"C#CC(C)(C)NC[C@H]1CN(C)CCO1
",0.673008012866,0.6578877579768766
"C[C@H](NC(=O)[C@H]1CCCN1S(C)(=O)=O)c1ccc2c(c1)OCO2
",0.8966925730799999,0.8843487982448853
"O=C(Nc1ccc2ncccc2c1)C(=O)NC1CCC(O)CC1
",0.740871625023,0.7343569070770259
"CC(C)[C@H]([NH2+]CC1CCN(C(=O)OC(C)(C)C)CC1)c1cccnc1
",0.880768660754,0.8897767256044296
"CCC[C@H](C)NC(=O)C[NH2+]Cc1cscc1C
",0.76822434927,0.7603998609952626
"CS(=O)(=O)N1CCC(C(=O)Nc2sc3c(c2C#N)CCCC3)CC1
",0.889262722509,0.8857574762557866
"O=C(CN(C(=O)Cn1nnc2ccccc21)c1ccccc1)NC[C@H]1CCCO1
",0.665621419621,0.6607180874767475
"O=C(Nc1cccc(N2CCCNC2=O)c1)C(=O)N1CCc2cc(F)ccc2C1
",0.765998658227,0.7644262825084965
"C[C@@H]1CC[NH+](CCCN2C(=O)CNC2=O)C[C@@H]1O
",0.5524825343240001,0.5203754167487936
"O=C(COc1ccc(Br)cc1)NOCc1ccccc1
",0.815089448613,0.8250179801975126
"CC(=O)C[C@]1(O)C(=O)N(Cc2ccc(C)cc2)c2c(C)cccc21
",0.930670976673,0.9407607570913656
"C[C@H](OC(=O)c1ccc2ccccc2n1)C(=O)NCC1CCCCC1
",0.827776258812,0.8462939899720137
"C[C@@H](Sc1cc(Cl)ccc1Cl)C(=O)N1CCC[C@H](CCC(N)=O)C1
",0.722929758635,0.7489781031518762
"COc1cc(-c2ccno2)ccc1S(=O)(=O)NCc1ccco1
",0.7437478253450001,0.7437473045773499
"CCC[C@@H](CC)Nc1c(F)c(F)nc(F)c1F
",0.620767597731,0.6372598279867666
"Oc1cccc([C@@H]2CN(c3nccc(Oc4ccc(F)cc4)n3)CCO2)c1
",0.7376615849510001,0.7585504165081987
"COc1ccc([C@H](CNC(=O)c2cccc3ccccc23)[NH+]2CCCC2)cc1
",0.688400172174,0.6955771029420184
"CC1(C)[C@@H]2CC[C@@]1(C)[C@H](NC(=O)COc1ccc(C3SCCCS3)cc1)C2
",0.6986063411929999,0.7245795710833804
"Cc1c(C)n(-c2ccccc2)c2nc(C(=O)Nc3ccc(F)cc3)nc(N3CCCCC3)c12
",0.443291764599,0.45754135147900477
"CC(C)C(=O)Nc1cccc(NC(=O)C(=O)NCC[C@H]2C[C@H]3CC[C@@H]2C3)c1
",0.6619710760059999,0.6713853282058603
"COc1ccc(CNC(=O)c2cc(N3C(=O)C(C)(C)CS3(=O)=O)ccc2Cl)cc1OC
",0.694625897359,0.7017393321688444
"CC(=O)Nc1cccc(NC(=O)CCc2c(C)[nH]c(=S)[nH]c2=O)c1
",0.624297145235,0.6230298729364147
"COc1ccccc1[C@H]1CCCN1C(=O)[C@@H](C)CCOc1ccccc1
",0.705442904092,0.7373705888197524
"CCNc1ncc(COCC2CCCCC2)s1
",0.817999692872,0.8407153065047068
"CC[C@H](C)C(=O)Nc1ccccn1
",0.772796831355,0.769393482195663
"O=C([O-])CC1=C(C(=O)[O-])CCCC1
",0.5758452527800001,0.5456382063144332
"Fc1ccc(C[NH2+]C[C@@H]([C@H]2CCOC2)N2CCOCC2)c(F)c1
",0.852573644291,0.8385871134896048
"CCc1cc(Cn2cc(N)nn2)n(C)n1
",0.797718515747,0.7783164050873685
"N#Cc1cccnc1Oc1ccccc1NCc1cccc2ccccc12
",0.5004469599229999,0.5148567699615361
"O=C(NCc1ccc([N+](=O)[O-])cc1)N[C@@H]1CCCC[C@H]1CO
",0.57409879834,0.5708581622409057
"C[C@H](NC(=O)NC[C@H](C)C[C@@H](C)O)c1ccc(S(C)(=O)=O)cc1
",0.709195589466,0.7045978642288512
"CC(C)Oc1ccc(NC(=O)NC[C@H](C)N2CCOCC2)c(F)c1
",0.835253262959,0.8356570673177266
"COc1ccccc1COC1CCN(C(=O)[C@H]2CCC[C@@H](C)C2)CC1
",0.779561928131,0.8086402868540459
"CC(=O)O[C@H]1CC[C@H]2[C@H]3C[C@H](OC(C)=O)[C@]45C[C@H]4CC[C@]5(C)[C@@H]3CC[C@]12C
",0.638669961923,0.6678078418998469
"CCCn1nnnc1CN1CC[C@]2(C1)NC(=O)N(C(C)C)C2=O
",0.788451242848,0.766232805352729
"CC1=C(C(=O)OCC(C)C)[C@H](c2cccc(F)c2)c2c(n(C)c(=O)n(C)c2=O)N1
",0.7968085131199999,0.7950224210417507
"Cc1cc(C)c2c(-c3ccccc3)nc(SCC(=O)NC3CC3)n2n1
",0.7013475598379999,0.715283799732704
"COc1cc2c(cc1OC)[C@H](C(=O)[O-])[C@H](c1cccc(Cl)c1)N(C)C2=O
",0.821669075945,0.8176306640317853
"COCCN1C(=O)CC[C@@H]2C[NH+](Cc3cc(C)ccc3C)CC[C@@H]21
",0.893267400208,0.8835830788809994
"Cc1cnc([C@H](C)NC(=O)NNC(=O)Nc2ccccc2)s1
",0.65351139156,0.6547591203138929
"CNC(=O)c1ccc(NC(=O)c2csc(-c3ccccc3)n2)cc1
",0.750452470274,0.7661303922478369
"CNc1nc(C2CCN(C(=O)Cc3ccccn3)CC2)[nH+]c2c1CN(C(C)=O)CC2
",0.828931981746,0.8188112871503445
"Cc1cc(C)n(C[C@@H](C)CNC(=O)NCc2cc3ccccc3o2)n1
",0.708367799675,0.7224021141675678
"Cc1nc2n(n1)C[C@H]([NH2+]C[C@@H](O)CN(C)Cc1ccccc1)CC2
",0.769304440651,0.7471884586979032
"c1ccc(Cn2c(SCc3ncon3)nnc2-c2cccs2)cc1
",0.476903940208,0.4909210197993473
"COc1ccc(-n2nc(C)c3c2C[C@H](c2cc(OC)c(OC)c(OC)c2)CC3=O)cc1
",0.57224761877,0.5949130618307864
"COc1ccc(OC)c(/C=C/C(=O)OCC(C)C)c1
",0.580098684493,0.5851239911425493
"C[C@H](NC(=O)[C@H]1CC[C@H](C[NH3+])O1)C(=O)N(C)C
",0.659919746355,0.6222406303285171
"Cc1cccc(C(C)C)c1NC(=O)[C@@H](C)Sc1nnc(-c2cccs2)n1N
",0.45634713846,0.47574559614286177
"Cn1cc(C(=O)Nc2ccccc2C(=O)NCCc2ccccc2)c(=O)c2cccn21
",0.505037804969,0.5088586713951465
"Cc1ccccc1[C@@H]1C[C@H](C)N(C(=O)[C@@H](C)Sc2ccccn2)C1
",0.7473716831489999,0.7791904795881458
"Cc1occc1C(=O)/C(C#N)=C/c1ccc([C@@H]2C[C@H]2C)o1
",0.462574822884,0.48054549048641065
"CC[C@](C)(C[NH3+])[C@H](O)c1ccc2c(c1)OCO2
",0.836146821155,0.8253466476022039
"CCc1nn(CC)c(C[C@@]2(C3CC3)CCC[NH2+]2)c1Br
",0.8862985093179999,0.8845642270783136
"CC(=O)Nc1ccc(CN2CC[NH+](C3CCCC3)[C@H](CCO)C2)cc1
",0.731279930991,0.7213715877986459
"COc1ccc([C@H](O)[C@@H](C)NC(=O)[C@@H](C)SC)cc1
",0.842410279689,0.8379879131361881
"CCC(=O)N1CCC[C@@H]1c1cc(C(F)(F)F)c2c(=O)n(C)c(=O)n(C)c2n1
",0.796272973026,0.7901615387239855
"C[C@H]([NH3+])[C@@H](CC(=O)[O-])c1ccccc1
",0.729867537792,0.7027644044126341
"Cc1ccc([C@H]2C3=C(NC(=O)N2C)c2ccccc2C3=O)cc1
",0.8633105190639999,0.8785398188889993
"C[C@@]1(Cc2ccc3c(c2)OCO3)CCC(=O)N(CCc2ccc(O)cc2)C1
",0.857671860353,0.8782276400734076
"Cc1cc(C)cc(O[C@H]2CCCC(C)(C)[C@@H]2O)c1
",0.843578270131,0.8658313805533815
"Cc1c(-c2nc(-c3cccs3)no2)sc2nc[nH]c(=O)c12
",0.606760344618,0.6140898884632929
"COc1cc([C@H]2C(C(=O)Nc3ccccn3)=C(C)NC3=C2C(=O)CCC3)ccc1OCc1ccccc1
",0.447394312402,0.4638837699961665
"COc1cc(C)c([C@@H](C)NC2CC[NH+]([C@H]3CCCC[C@@H]3O)CC2)cc1OC
",0.7134782660529999,0.7099423177356994
"C[C@@H]1CCC[C@@H](NS(=O)(=O)Cc2cccc(N)c2)C1
",0.833813183641,0.8320816829270761
"CCCN1C(N)=[NH+]C[C@@H]1c1cc(Cl)c2c(c1)OCO2
",0.853623721885,0.8332356089242607
"CC(C)C[C@@H](NC(=O)[C@@H]1C[C@@H]1c1cccc(Cl)c1Cl)C(=O)Nc1cc[nH]n1
",0.623768648566,0.6464250669745298
"Cc1nc(CCC[NH+]2CCC[C@H]2C(N)=O)cs1
",0.7952215830120001,0.7717396984951274
"NC(=O)COc1cccc(CNC(=O)c2cc3cc(Cl)ccc3[nH]2)c1
",0.6302701249279999,0.6321619611361887
"COc1ccc(CNC(=O)c2cc(=O)c3ccc(Br)cc3o2)cc1
",0.7265363316760001,0.7431366729923463
"CC[C@@H](C)c1ccccc1N1C[C@H](C(=O)N2CCN(C)CC2)CC1=O
",0.843803648061,0.8427047520707607
"CC[NH2+][C@H](Cc1ccccc1Cl)[C@H]1C[NH+](C)CCN1C
",0.7911398080840001,0.7637703716913544
"C[NH+]1CCC(N[C@@H]2CC(=O)N(CCc3cccc(Cl)c3)C2)CC1
",0.8463749761730001,0.832339616053469
"CCN1CC(=O)Nc2cc(C(=O)NC3CC[NH+](C4CCCC4)CC3)ccc21
",0.754015323204,0.7448026668893986
"COc1ccc(Br)cc1/C=C/C(=O)N1CCN(C(=O)c2ccccc2)CC1
",0.6851656842460001,0.7000998529144945
"NC(=O)COc1ccc(C(=O)N[C@H]2CCCc3ccccc32)cc1
",0.886416282694,0.8856307803847712
"O=C(COc1ncnc2ccc(Br)cc12)Nc1ccccc1Cl
",0.700266969364,0.7269625367633707
"C[C@@H](c1ccc(Cl)cc1Cl)N(C)C(=O)c1ccc(NC(N)=O)cc1
",0.8106763320520001,0.8457713563118296
"Cc1ccc(N2C(=O)[C@@H](Cc3cccc(C)c3)S/C2=C(/C#N)C(N)=O)cc1
",0.644574146639,0.6545781733954021
"CC(C)CN(C(=O)NCc1ccc(C(F)(F)F)cc1)C1CC1
",0.842417430465,0.8739696337803641
"ClCCc1nc2cccnc2n1CCn1cccn1
",0.6728973100390001,0.6702495359086063
"CC[C@@](C)([C@@H]([NH3+])c1cc(Br)ccc1F)N1CCOCC1
",0.910031105549,0.9093983971633272
"Cc1ccc(NC(=O)c2cc3ccccc3oc2=O)c([N+](=O)[O-])c1
",0.444910060346,0.4523395604568884
"CC1(C)OC[C@H]([C@H]2O[C@@H]3OC(C)(C)O[C@@H]3[C@H]2OS(C)(=O)=O)O1
",0.696755115431,0.6815419049984324
"Cc1cccc([C@H](CCl)CCC[C@@H]2CCCO2)c1
",0.650159140137,0.6803084347696446
