smiles,logP,RDKit logP
"CC(C)(C)c1ccc2occ(CC(=O)Nc3ccccc3F)c2c1
",5.0506,5.050600000000004
"C[C@@H]1CC(Nc2cncc(-c3nncn3C)c2)C[C@@H](C)C1
",3.1137,3.1137000000000015
"N#Cc1ccc(-c2ccc(O[C@@H](C(=O)N3CCCC3)c3ccccc3)cc2)cc1
",4.96778,4.967780000000004
"CCOC(=O)[C@@H]1CCCN(C(=O)c2nc(-c3ccc(C)cc3)n3c2CCCCC3)C1
",4.00022,4.000220000000003
"N#CC1=C(SCC(=O)Nc2cccc(Cl)c2)N=C([O-])[C@H](C#N)C12CCCCC2
",3.60956,3.6095600000000028
"CC[NH+](CC)[C@](C)(CC)[C@H](O)c1cscc1Br
",2.6374,2.6374000000000013
"COc1ccc(C(=O)N(C)[C@@H](C)C/C(N)=N/O)cc1O
",0.9978,0.9977999999999998
"O=C(Nc1nc[nH]n1)c1cccnc1Nc1cccc(F)c1
",2.3347,2.3346999999999998
"Cc1c(/C=N/c2cc(Br)ccn2)c(O)n2c(nc3ccccc32)c1C#N
",4.2813,4.2813000000000025
"C[C@@H]1CN(C(=O)c2cc(Br)cn2C)CC[C@H]1[NH3+]
",0.8801,0.8801000000000001
"CCOc1ccc(OCC)c([C@H]2C(C#N)=C(N)N(c3ccccc3C(F)(F)F)C3=C2C(=O)CCC3)c1
",5.8075800000000015,5.807580000000005
"Cc1ccc2nc(S[C@H](C)C(=O)NC3CCC(C)CC3)n(C)c(=O)c2c1
",3.41742,3.4174200000000017
"O=C(N1CCc2c(F)ccc(F)c2C1)C1(O)Cc2ccccc2C1
",2.3794,2.3794000000000004
"Cc1ccccc1C(=O)N1CCC2(CC1)C[C@H](c1ccccc1)C(=O)N2C
",3.61572,3.6157200000000023
"CCCc1cc(NC(=O)CN2C(=O)NC3(CCC(C)CC3)C2=O)n(C)n1
",1.8118,1.8117999999999994
"CC(C)Cc1nc(SCC(=O)NC[C@@H]2CCCO2)c2c(=O)n(C)c(=O)n(C)c2n1
",0.613,0.6130000000000004
"Cc1ccc(CNC(=O)c2ccccc2NC(=O)[C@@H]2CC(=O)N(c3ccc(C)cc3)C2)cc1
",4.22504,4.2250400000000035
"CCCCC(=O)NC(=S)Nc1ccccc1C(=O)N1CCOCC1
",2.1622,2.1622000000000003
"Cc1c(NC(=O)CSc2nc3sc4c(c3c(=O)[nH]2)CCCC4)c(=O)n(-c2ccccc2)n1C
",3.39202,3.3920200000000023
"CC(C)[C@@H](Oc1cccc(Cl)c1)C(=O)N1CCC(n2cccn2)CC1
",3.8036,3.803600000000002
"CCN(CC)C(=O)C[C@@H](C)[NH2+][C@H](C)c1cccc(F)c1F
",2.2362,2.2362
"Cc1nc2c(c(Nc3ncc(C)s3)n1)CCN(C(=O)CCc1ccccc1)C2
",3.81104,3.811040000000003
"O=C(NCCNC(=O)N1C[C@H]2CC=CC[C@@H]2C1)c1cccnc1
",1.419,1.4189999999999996
"O=c1n(CCO)c2ccccc2n1CCO
",-0.2124,-0.2124000000000003
"COC(=O)Cc1csc(NC(=O)Cc2coc3cc(C)ccc23)n1
",3.09442,3.0944200000000013
"Cc1ccc(N2CC[C@@H](NS(=O)(=O)c3ccccc3C)C2=O)cc1C
",2.69566,2.695660000000001
"CC[C@H](C)C[C@@H](C)NC(=O)N1CCN(CC(=O)NC2CC2)CC1
",1.4169,1.4169000000000007
"CC(=O)Nc1c2n(c3ccccc13)C[C@](C)(C(=O)NC1CCCCC1)N(C1CCCCC1)C2=O
",4.5958,4.595800000000004
"N#Cc1ccncc1NC[C@@H]1C[C@@]12CCc1ccccc12
",3.26928,3.269280000000002
"Cc1cccn2c(=O)c(C(=O)NC[C@H]3CCO[C@@H]3C(C)C)cnc12
",1.79382,1.7938199999999993
"CNC(=O)c1ccc(/C=C/C(=O)Nc2c(C)cc(C)nc2Cl)cc1
",3.36334,3.3633400000000018
"CC1=C(CNC(=O)c2cc(-c3ccccc3)nc3c2CNN3C(C)C)CN=N1
",3.4512,3.451200000000002
"C[C@@H](NC(=O)COC(=O)/C=C/c1ccc(Cl)cc1)c1ccccc1
",3.7738,3.7738000000000023
"CCc1ccc(N(Cc2ccc(C)s2)C(=O)c2ccc(=O)n(C)n2)cc1
",3.55962,3.5596200000000024
"CCOC(=O)c1nnc2ccccc2c1N1CC[C@@H]([NH+](CC)CC)C1
",1.3099,1.3098999999999998
"Cc1ccc(C#N)cc1S(=O)(=O)NCc1ccnc(OC(C)(C)C)c1
",2.9175,2.9175000000000013
"O=C(O[C@H]1CCOC1)C1(c2ccc(Cl)c(Cl)c2)CCC1
",3.7472,3.747200000000003
"CCC[NH2+][C@@H]1COC[C@H]1C(=O)NCc1cscc1C
",0.6611199999999999,0.661120000000001
"O=C(NCc1nccc2ccccc12)c1ccc[nH]c1=O
",1.8531,1.8530999999999997
"CC(=O)c1ccc(S(=O)(=O)N2CCCC[C@H]2C)cc1
",2.4523,2.452300000000001
"O=[N+]([O-])c1c(Nc2cccc3ncccc23)ncnc1N1CCN(c2cccc(Cl)c2)CC1
",4.6566,4.656600000000003
"O=C(CCCO)Nc1ccc(F)cc1F
",1.6758,1.6758
"NC(=O)CCOc1ccc(NC(=O)C[C@H]2CCc3ccccc32)cc1
",2.9994,2.9994000000000014
"COc1cc(C)ccc1OCC(=O)Nc1nnc(C)s1
",2.1810400000000003,2.1810399999999994
"CC(=O)c1c(O)cccc1COc1ccccc1
",3.1738,3.1738000000000017
"CCn1cc(S(=O)(=O)N2CCCCC[C@@H]2c2cc(-c3ccc(F)cc3)no2)cn1
",4.0031,4.003100000000003
"COC(=O)[C@](NC(=O)c1cccc(Cl)c1)(Nc1ccc(Br)c[nH+]1)C(F)(F)F
",3.1901,3.1901
"Cc1[nH]c2ccc(C(=O)Nc3cc(C(C)(C)C)nn3-c3ncccn3)cc2c1C
",4.31024,4.310240000000004
"Cc1noc(C)c1C[C@H](C)C(=O)N[C@@H](C)C1CCCCC1
",3.55504,3.5550400000000026
"CCn1cc(C(=O)N[C@H]2CC(=O)N(C)C2)c(C(C)C)n1
",0.9869,0.9868999999999997
"COc1cccc(-c2cncc3ccccc23)c1C(=O)N(C(C)C)C(C)C
",5.1694,5.169400000000004
"COc1ccc([C@@H](C)NC(=O)Cc2cccc3ccccc23)cc1
",4.2683,4.2683000000000035
"O=C1C[C@H](c2nc(-c3cccnc3)no2)CN1c1cccc(Cl)c1
",3.3055,3.305500000000002
"C[C@H]1CCCN(c2ccc(C(=O)Nc3ccc(N4CCOCC4)cc3)cc2[N+](=O)[O-])C1
",3.92,3.9200000000000026
"C=CCN(C(=O)C/C=C/c1ccc(C)cc1)[C@@H]1CCS(=O)(=O)C1
",2.60002,2.6000200000000007
"O=C(CSc1nnc(-c2cccc([N+](=O)[O-])c2)o1)Nc1nncs1
",2.2271,2.2271
"CN(CCc1ccc(F)cc1)c1cc(Br)cc(F)c1C(N)=O
",3.5051,3.5051000000000014
"COc1ccccc1NC(=O)CSc1ccc(-c2ccccc2OC)nn1
",3.8916,3.891600000000003
"Cc1occc1C(=O)/C(C#N)=C\c1cccc(C(F)(F)F)c1
",4.3967,4.396700000000002
"COc1ccc2c(c1)N(C(=O)CCSc1ccccn1)C[C@@H](C)O2
",3.3865,3.3865000000000016
"CC[C@@H](NC(=O)[C@H](C)n1cccn1)c1ccc(C)c(F)c1
",3.15912,3.1591200000000015
"CCC[C@]1(C(=O)N[C@@H]2CONC2=O)CC[NH2+]C1
",-1.7138,-1.7137999999999969
"O=C(c1cc2cc([N+](=O)[O-])ccc2oc1=O)N1CCN(Cc2ccccc2)CC1
",2.6592,2.6592000000000002
"CCn1c(CC2CC[NH2+]CC2)nn(CCO)c1=O
",-1.4271,-1.4270999999999978
"C=CCn1c(S[C@H](C)C(=O)N2CCC(C)CC2)nnc1-c1ccc(Cl)cc1
",4.5236,4.523600000000004
"CCO[C@H]1C(=O)O[C@H]([C@@H](O)CO)C1=O
",-1.7608,-1.7608000000000004
"Cc1ccc(-c2nnc(C[NH+](CCO)[C@H]3CCc4ccccc43)o2)cc1
",2.1097200000000003,2.10972
"Cc1cc(-n2c(C)cc(C[NH2+][C@H](C)c3ccc(F)c(F)c3)c2C)no1
",3.49336,3.493360000000002
"C[C@@H](NC(=O)Nc1ccn(-c2ncccc2Cl)n1)[C@@H]1CCCO1
",2.6097,2.609700000000001
"COc1cc(S(=O)(=O)N2CCN=C2Cc2ccccc2)ccc1Cl
",2.9941,2.9941000000000013
"COc1ccc(OC)c(/C=C2\Oc3cc(OC(=O)c4ccncc4)cc(C)c3C2=O)c1
",4.24262,4.242620000000003
"COc1ccc([C@@H](NC(=O)Nc2cc(C)ccc2Cl)C2CCOCC2)cc1
",4.94642,4.946420000000003
"C[C@H](Cc1cccs1)N(C)C[C@@H]1CCCC[C@@H]1[NH3+]
",2.4116,2.4116
"C[C@H]([NH3+])c1nc2cc(C(F)(F)F)ccc2n1C
",1.895,1.895
"COc1cccc(CN2CCc3nnc(CCc4ccccc4)n3CC2)c1
",3.1302,3.130200000000002
"O=C(N[C@H]1CCS(=O)(=O)C1)C1CC[NH2+]CC1
",-1.7369,-1.7368999999999974
"COCC[C@H](C)C(=O)N[C@@H](C)COC
",0.8101,0.8100999999999998
"Cc1cc(N(C)C)ccc1NC(=O)c1ccc(CN2CC[NH+](C)CC2)cc1
",1.64362,1.6436200000000005
"C[C@H](CNC(=O)[C@H]1CC[NH2+][C@@H]1C)C[NH+]1CCCC1
",-1.6108,-1.6107999999999958
"CN(C)c1ccc([C@H](CNC(=O)C(=O)Nc2ccccc2C#N)N2CC[NH+](C)CC2)cc1
",0.25058,0.2505800000000018
"CCOc1ncnc(S(=O)(=O)CC)c1N
",0.2511,0.2511
"CC[C@@H](NC(=O)N(C)Cc1ccc(-c2ccccc2)cc1)c1ccncc1
",5.0413,5.041300000000004
"O=C(Nc1ccc(-c2nc3ccccc3o2)cc1)[C@H]1CCCN1S(=O)(=O)c1ccc(F)cc1
",4.4257,4.4257000000000035
"CC[C@@H](C)CNc1nc2ccc(Cl)cc2s1
",4.4077,4.407700000000003
"Cc1cc(C)c2nc(N3CCN(C(=O)[C@@H]4CCCCN4S(C)(=O)=O)CC3)sc2c1
",2.37584,2.37584
"CCc1nnc(-c2cc3ccccc3n2CC(=O)NC(C)(C)C)o1
",3.1684,3.168400000000002
"CCc1ccc(NC(=O)c2nn(-c3ccc(CC)cc3)ccc2=O)cc1
",3.6096,3.609600000000002
"Cc1ccc(C(=O)N[C@H]2CCC[NH2+][C@H]2C)cc1F
",0.97822,0.9782200000000002
"C[C@H](OC(=O)c1nc(C2CC2)n2ccccc12)c1cnc2ccccc2c1
",4.6779,4.677900000000004
"CCCCOc1ccccc1C[C@@H]([NH3+])C(=O)[O-]
",-0.2316,-0.2315999999999988
"CCC[C@@H]1CN(C(=O)C(=O)Nc2ccc(C)nc2Cl)CCO1
",2.00942,2.0094199999999995
"C[C@H]1C(=O)N(c2ccc3c(c2)CCC3)CCN1C(=O)c1ccc(Cl)c(Cl)c1
",4.3596,4.359600000000004
"COC(=O)C1(NC(=O)[C@H]2C[C@H]2c2c(F)cccc2F)CCSCC1
",2.6233,2.6233000000000004
"N#CC1(NC(=O)COc2cccc(Cl)c2)CCCC1
",2.67138,2.671380000000001
"COC1CC[NH+](CCNc2nccn(C)c2=O)CC1
",-1.1141,-1.114099999999997
"C=CCN(Cc1cccc([N+](=O)[O-])c1)C(=O)Nc1cc(OC)ccc1Cl
",4.4769,4.476900000000003
"Cc1cc(Cl)ccc1OCC(=O)N/N=C/c1ccccn1
",2.57252,2.57252
"O=C1NC(=S)NC(=O)C1=CNc1ccc([N+](=O)[O-])cc1O
",0.1271,0.12710000000000016
"Cc1c(C(=O)N2CCOCC2)oc2c1-c1nn(CC(=O)NCc3ccco3)cc1CC2
",1.93192,1.9319199999999992
"CCc1ccc(CNC(=O)c2ccc(-c3nccnc3N3CCCCC3)cc2)cc1
",4.6263,4.626300000000004
"COc1ccc([C@H]2C[C@@H](C(F)(F)F)n3nc(C(=O)NC4CCCCC4)cc3N2)cc1OC
",4.6231,4.6231000000000035
"CCCc1cc(C(=O)NNC(=O)c2cccc(Br)c2)[nH]n1
",2.1995,2.1995
"O=[N+]([O-])c1c(Nc2ccc(F)c(F)c2)ncnc1Oc1cccc2cccnc12
",4.7471,4.747100000000002
"CC(C)(C)n1ncc2c1CCC[C@H]2NC(=O)CSc1nc2ccccc2o1
",4.0652,4.065200000000003
"Cc1ccc([C@@H](C)NC(=O)N[C@@H](CCO)c2cccs2)cc1
",3.54042,3.540420000000002
"CCN(CC)S(=O)(=O)c1ccc2nc(-c3ccncc3)cc(C(=O)[O-])c2c1
",1.6908,1.6908
"CCCN(CC)c1cc[nH+]c(C(=O)[O-])c1
",0.1005,0.10049999999999987
"Cc1ccccc1N1C(=O)C[C@H]([NH+](C2CCCCC2)C2CCCCC2)C1=O
",3.17722,3.177220000000001
"CS(=O)(=O)[C@H]1O[C@H]1c1ccc(Cl)cc1Cl
",2.4354,2.4354000000000005
"C[C@H](CSc1ccc(C(=O)N(C)C)cn1)C(=O)[O-]
",0.2615,0.26150000000000007
"CCOC(=O)[C@H]1C=C(C#N)O[C@@H](c2ccc(C)cc2)C1
",3.0432,3.0432000000000015
"CCC[NH2+]C1CCC(O)(Cc2nc(C)cs2)CC1
",1.64112,1.6411199999999997
"O=C1c2ccccc2N[C@H](CSC2=NC=NC3=NC=N[C@@H]32)N1c1ccc(Cl)cc1
",3.721,3.721000000000002
"CCc1nc2ccccc2c(C(=O)NCc2ccc(OC)c(C(=O)OC)c2)c1C
",3.83082,3.8308200000000037
"Cc1nn(-c2nncc(-c3ccc(Cl)cc3)n2)c2c1[C@H](c1ccccc1)CC(=O)N2
",4.16022,4.160220000000003
"CC(C)NC(=O)Nc1cccc(C(=O)N(C)Cc2nnc(C3CC3)n2C)c1
",2.4946,2.4946
"Cc1nnccc1C(=O)N[C@H](C)c1ccc(Cl)s1
",2.99092,2.990920000000001
"O=C(NCCCc1nc(-c2ccc(Br)o2)no1)C1CC1
",2.5509,2.5509000000000013
"CCOc1cccc(NC(=O)CCc2ccc(N)cc2)c1
",3.2388,3.2388000000000012
"COc1ccc(/C=C2/SC(=O)N(CC(=O)Nc3ccc(F)cc3)C2=O)cc1OC
",3.5179,3.517900000000002
"CC(C)N(C)C(=O)[C@H]1CSCN1C(=O)/C=C/SCc1ccco1
",2.7948,2.7948000000000013
"CCC1(CC)[C@@H](NC(=O)Nc2ccc(C(=O)NC)cc2)[C@H](C)[C@@H]1OC
",3.0074,3.0074000000000014
"Cc1ccc2ncc(C(=O)Nc3ncccc3OCc3ccncc3)n2c1
",3.26402,3.2640200000000013
"N#Cc1ccnc(N2CCC([NH2+]C[C@@H]3CCCO3)CC2)c1
",0.6644800000000001,0.6644799999999995
"O=C(Cn1nnn(-c2cccs2)c1=O)OC1CCCCC1
",1.3664,1.3663999999999996
"COc1cccc(COc2ccc(OC)cc2CCl)c1
",4.0216,4.021600000000003
"CC[C@H](NC(=O)NCc1c(C)noc1C)c1ccc(OC)cc1
",3.25054,3.2505400000000018
"CCc1c(C(=O)Nc2ccc3c(c2)NC(=O)CS3)[nH]c(C)c1C(C)=O
",3.3846199999999995,3.384620000000001
"CSc1ccc(/C=c2\sc3ncnn3c2=O)cc1
",1.4206,1.4205999999999996
"COc1ccc(C(=O)/C=C(\C)Nc2ccc(F)cc2F)cc1
",4.172,4.172000000000003
"O=C(C=C1CCSCC1)N[C@@H]1CCC[C@H]1Cc1ccccc1
",3.9674,3.967400000000003
"C[C@@H](Sc1nc(/C=C/c2cccs2)n[nH]1)C(=O)N1CCOCC1
",2.376,2.3760000000000003
"Cc1cccc(C(=O)N[C@@H](C(=O)N2CCC[C@@H](C)C2)C(C)C)c1
",3.00792,3.007920000000002
"COC(=O)[C@@H](C)Sc1nnc(Nc2cccc(Br)c2)s1
",3.6978,3.6978000000000018
"Cc1cnc(C(=O)Nc2ccc(N(C)C3CC[NH+](C)CC3)cc2)cn1
",1.15062,1.1506200000000002
"CC(=O)Nc1nc2ccc(NC(=O)NCc3ccccc3)cc2s1
",3.5764,3.5764000000000014
"C=CCN1C(=O)/C(=C/c2ccccc2F)S/C1=N\S(=O)(=O)c1cccs1
",3.7344,3.7344000000000026
"CC[C@H]1CC(=O)N(Cc2ccccc2C#CCCO)C1
",2.1790000000000003,2.1790000000000003
"COc1ccc(F)cc1C(=O)Nc1nccs1
",2.5431,2.5431
"CC[C@@H](CC(=O)NC1(C(=O)OC)CCSCC1)c1ccccc1
",3.1253,3.125300000000002
"Cc1ccc(C)c(-n2c(SCCCCCO)nc3ccccc3c2=O)c1
",4.25724,4.257240000000003
"CC[C@@H](C)[C@@H]([NH3+])c1ccc(Cl)s1
",2.7306,2.7306
"COc1cccc([C@@H](C)[NH2+]CCOc2ncccc2Cl)c1
",2.447,2.447
"CC[C@@H]1CCCCN1C(=O)NC1CCN(C(=O)OC(C)(C)C)CC1
",3.36,3.360000000000003
"CCOc1cccc(NC(=O)NCc2ccc(N3CCSCC3)cc2)c1
",3.9602,3.960200000000003
"Cc1cccc(NC(=O)CN2CCN(c3ccc4c(c3)OCCO4)C2=O)n1
",2.04192,2.04192
"C=C(C)C(=O)N[C@H](C)c1nc2ccccc2n1CCC(=O)N1CCCCCC1
",3.5823,3.5823000000000027
"CCOC[C@H]1CC[NH+](Cc2ccc(-c3nc4ccccc4s3)o2)C1
",2.9976,2.997600000000001
"CCOC(=O)[C@]1(Cc2cccc(Cl)c2)CCCN(C(=O)c2ccnn2C)C1
",3.1017,3.101700000000001
"Cc1ccc([N+](=O)[O-])cc1NC(=O)C(=O)N1CC[C@H]([NH+]2CCCC2)C1
",0.12132,0.12132000000000098
"CCOCCCNC(=O)N[C@@H]1CCC[C@@H](CC)C1
",2.681,2.681000000000001
"O=C(Cc1cccc(F)c1F)Nc1cccc(Br)n1
",3.3035,3.3035000000000014
"COc1ccccc1NC(=O)[C@@H]1CCCN(C(=O)Nc2cccs2)C1
",3.6393,3.639300000000002
"C[C@H]1CCC[C@](C#N)([C@]2(O)CCCCC2(C)C)C1
",4.0377800000000015,4.037780000000003
"O=C(NCc1ccc([N+]2=CCCC2)cc1)NC1(c2ccc(Cl)cc2)CC1
",4.3371,4.337100000000003
"CCCC(=O)N[C@@H]1CCC[NH+](Cc2ncccc2C)C1
",0.85362,0.8536200000000012
"O=C(NCc1cccs1)C1(c2cccc(Cl)c2)CCC1
",4.1396,4.139600000000002
"C[C@H]1CCC[C@H](NC(=O)[C@@H](C)Sc2ncn[nH]2)[C@@H]1C
",2.2262,2.2261999999999995
"COc1ccc([C@@H]([NH2+]Cc2ccc(Cl)nc2)c2ccc(F)cc2)cc1
",3.7357,3.7357000000000014
"COc1cc(NC(=O)[C@H](C)Sc2ccccc2Cl)cc(OC)c1
",4.4765,4.476500000000003
"CCN1CCC(=NNC(=O)c2ccccc2)CC1
",1.8881,1.8881000000000001
"CCCOc1ccc(Br)cc1C[NH+]1CCC([C@@H](C)O)CC1
",2.4136,2.4136000000000006
"Cc1cc2n(C[C@H](O)CO[C@H](c3ccccc3)c3ccccc3C)c(=O)c3ccccc3n2n1
",4.43314,4.433140000000003
"CCc1ncc(CN(C)C(=O)Nc2c(C)ccc([N+](=O)[O-])c2C)s1
",3.89444,3.894440000000002
"c1ccc2nc(NCCCc3nc4ccccc4[nH]3)cnc2c1
",3.5508,3.5508000000000015
"Cc1c([C@H](C)[NH2+]Cc2cccn2C)cnn1C
",0.8916200000000001,0.8916199999999992
"CC(=O)N[C@@H](C(=O)NC1COC1)C(C)C
",-0.3379,-0.3378999999999994
"O=C(Nc1ccccc1F)c1cc2ccccc2c2cccnc12
",4.7794,4.7794000000000025
"Cc1ccccc1N1C(=O)/C(=C/c2cccn2-c2cccc([N+](=O)[O-])c2)C([O-])=NC1=S
",3.16782,3.1678200000000016
"COCCN1C[C@H](C(=O)N(Cc2cccc(Cl)c2)C(C)C)CC1=O
",2.5719,2.5719000000000003
"COc1ccc(NC(=O)N2CCN(C(=O)Cc3csc4ccccc34)CC2)cc1OC
",3.8373,3.8373000000000026
"C#CCN(C[C@H]1CCCO1)C(=O)N[C@@H](C)c1cccc([N+](=O)[O-])c1
",2.4796,2.4796000000000005
"Cc1cccc(C2=CCN(C(=O)Nc3ccc(C(N)=O)c(Cl)c3)CC2)c1
",4.06852,4.068520000000002
"COCCCN1C(=O)c2ccc(C(=O)Nc3nc(-c4ccc(C)cc4)cs3)cc2C1=O
",4.00332,4.003320000000002
"O=S(=O)(Nc1ccc(N2CCCS2(=O)=O)cc1)c1ccc(F)c(Cl)c1
",2.8198,2.8198000000000008
"O=C1/C(=C/c2ccccc2)Oc2c1ccc1c2CN(Cc2cccs2)CO1
",4.7164,4.716400000000004
"CC[C@@H](C)[C@@H](NC(=O)c1cccc(F)c1)C(=O)N=c1[nH]c2ccccc2[nH]1
",2.9071,2.9071000000000007
"Cc1c(F)cc(N)cc1S(=O)(=O)N[C@@H](C)C1CC1
",1.79312,1.7931200000000003
"Cc1ccc(Cn2ncc3c(N)ncnc32)cc1
",1.76522,1.7652199999999998
"CCOC(=O)C(C)(C)c1nc(-c2ccccc2)no1
",2.5773,2.577300000000001
"CCOC(=O)c1sc(/C=C/c2nc3c(s2)CCC3)nc1C
",3.74382,3.743820000000003
"C[C@@H]1CC[C@@H]([NH2+]C2CCC(NS(C)(=O)=O)CC2)c2ccccc21
",2.0488,2.0488
"CN(C)S(=O)(=O)c1ccc(C(=O)N(C(=O)N2CCCCC2)c2ccccc2)cc1
",3.1896,3.189600000000002
"CC[NH2+][C@@H](CC)c1ccccc1OCc1cccc(F)c1
",3.4391,3.4391000000000025
"C=CCOC(=O)C1=C(C)N=C2S[C@H](C)C(=O)N2[C@H]1c1ccc(F)cc1
",3.2035,3.203500000000002
"CCC[NH2+][C@]1(C(=O)OCC)CC[C@H](n2cc(Cl)c(C)n2)C1
",1.84522,1.8452199999999994
"Cc1cc(NC(=O)CSc2nnc3c4ccccc4n(C)c3n2)ccc1Br
",4.318219999999998,4.318220000000003
"CCOC(=O)c1sc(NC(=O)c2ccc(-n3c(C)nc4ccccc4c3=O)cc2)cc1C
",4.4930400000000015,4.493040000000003
"CC#CCC(=O)C1([NH+](CC)CC)CCCC1
",1.2064,1.2063999999999993
"O=C(NCCCc1ccccc1)C1CCN(C(=O)[C@@H]2CC(=O)N(c3ccccc3)C2)CC1
",3.0271,3.0271000000000017
"O=Cc1ccc(OCc2ccn(-c3cccc(F)c3)n2)cc1
",3.4029,3.4029000000000025
"Clc1ccccc1Cn1ccnc1
",2.5848,2.5847999999999995
"Cc1[nH]c(=O)c(C(=O)N2CCN(c3ccccc3)C(=O)C2)c(C)c1C
",1.78916,1.7891599999999994
"C[C@@H](NC(=O)NC[C@H]1CCCN(c2ncccn2)C1)C1CCOCC1
",1.8073,1.807299999999999
"O=C(NCCS(=O)(=O)c1ccccc1)N1CCC[C@@H]2CCC[C@@H]21
",2.4344,2.434400000000001
"Cc1ccc(-c2cc(NC(=O)C(C)C)c(=O)n(CC(=O)Nc3cccc(C)c3)n2)cc1
",3.76034,3.760340000000002
"Cc1ccc(S(=O)(=O)N2CCN(C(=O)[C@H]3CCCC[C@@H]3C(=O)[O-])CC2)cc1C
",0.6926399999999999,0.6926400000000004
"CCc1ccc(-c2nc(C(=O)N3CCO[C@H](CC)C3)cs2)cc1
",3.6235,3.6235000000000026
"Cc1cc(C)cc(OCC(C)(C)C[NH2+]C2CC2)c1
",2.43424,2.434240000000001
"CCOC(=O)[C@H](F)[C@@]1(O)CCC[NH+](C(C)C)CC1
",0.0959,0.09590000000000032
"CCn1cc(/C=C/C(=O)c2ccc3ccccc3c2)cn1
",3.9523,3.952300000000003
"CCC(CC)C(=O)Nc1cnn(-c2ccccc2F)c1
",3.3861,3.3861000000000017
"O=C1O[C@H](C(=O)Nc2ccnc3ccnn23)Cc2ccccc21
",1.4495,1.4494999999999996
"COCCn1nnnc1[C@@H](C(C)C)N1CCSCC1
",1.0654,1.0653999999999997
"O=C(NCCNS(=O)(=O)c1cccc(Cl)c1F)c1cccnc1
",1.5824,1.5823999999999998
"Cc1ccc(CNC(=O)NCc2nnc3n2CCC3)s1
",1.59362,1.5936199999999996
"C/C=C/C[C@]1(C(=O)[O-])CCN(C(=O)OC(C)(C)C)C1
",1.3297,1.3296999999999994
"O=C(N[C@@H](CO)c1ccco1)c1cc(Cl)ccc1OC1CCCC1
",3.7178,3.717800000000002
"Cc1cc(N(C)C)ccc1NC(=O)c1c[nH]c2nccc(Cl)c12
",3.84302,3.843020000000002
"CCOC(=O)c1cccc(NC(=O)c2cn[nH]c2C)c1
",2.14712,2.14712
"CCC(CC)[S@](=O)CCC(=O)[O-]
",0.0637,0.06369999999999987
"COCc1ccc(C(=O)N(C)Cc2ccc(Cl)s2)cc1
",3.8201,3.8201000000000027
"O=C(CCc1nc2ccccc2c(=O)[nH]1)Nc1cc(Cl)c(Cl)cc1Cl
",4.4546,4.454600000000002
"CC[C@@H](C)NC(=O)c1ccc2c(c1)CCCN2S(C)(=O)=O
",1.9271,1.9271000000000003
"COc1ccc(C)cc1-n1nnnc1SCC(=O)Nc1cc(C)cc(C)c1
",3.32696,3.3269600000000015
"C[C@H](NC(=O)Cc1ccc[nH]1)C(=O)N1CCCC[C@H]1C
",1.4629,1.4628999999999996
"CCOC(=O)[C@H]1CCCN(C(=O)c2cc(C(C)C)n(C)n2)C1
",1.9588,1.9588
"C[C@H]([NH2+]Cc1nc(Cc2ccccc2)no1)[C@@H](C)n1cccn1
",1.57,1.569999999999999
"c1cc(CN2CC[NH+](Cc3ccc4c(c3)OCCO4)CC2)no1
",0.3465,0.34650000000000025
"CCCCNC(=O)CCc1c(C)nc2c3ccccc3nn2c1C
",3.34824,3.3482400000000023
"O=C(C[C@@H]1C[NH2+]CCO1)N[C@H]1C=CS(=O)(=O)C1
",-2.2344,-2.2343999999999973
"C[C@@H]1CCO[C@@H]1C(=O)N1CC[C@H](C(N)=O)c2ccccc21
",1.4172,1.4172000000000002
"CCC[NH2+][C@H](Cc1nn(C)c2ccccc12)c1ncc[nH]1
",1.5536,1.5535999999999994
"CC(C)c1noc(-c2cc[nH+]c(N3CCN(C(=O)[C@H]4C[C@H]4C)CC3)c2)n1
",1.9787,1.9787
"O=C(NCc1cccnc1)NCc1ccnc(OCC(F)F)c1
",2.1199,2.1199000000000003
"C[C@@H](NC(=O)N1CCCCCCC1)[C@@H]1CCCO1
",2.5296,2.529600000000001
"COc1ccc([C@H]2C(C(=O)NCc3ccccc3)=C(C)Nc3ncnn32)cc1OC
",2.9006,2.9006000000000007
"Cc1cc(=O)n2c(n1)SC[C@@H]2CC(=O)NCCC(C)C
",1.75092,1.7509199999999996
"CC(C)C1=CN=N[C@H]1[C@H]1CCC[NH+](C[C@@H](C)Cc2ccc3c(c2)OCO3)C1
",3.2631,3.2631000000000014
"COc1cc(CNC(=O)c2occc2Br)ccn1
",2.3757,2.3757
"Cc1cccc(COc2ccc(Br)cc2/C=C2\SC(=S)NC2=O)c1
",4.82532,4.825320000000003
"O=C(N[C@@H]1CCO[C@@H]1c1ccc(Cl)c(F)c1)[C@H]1Cc2ccccc2O1
",3.429,3.429000000000002
"Cc1ccc([C@]2([NH3+])CC[C@@H]2C)cc1
",1.86212,1.8621199999999998
"O=C(CNC(=O)c1ccco1)OCC(=O)c1ccc2ccccc2c1
",2.5887,2.588700000000001
"O=C(c1cc2c(F)cccc2[nH]1)N(C[C@@H]1CCCO1)c1ccncc1
",3.5278,3.527800000000002
"Cc1cc(C)c(NC(=O)c2cc3ccccc3n2C)c(C)c1
",4.35586,4.355860000000003
"CSc1ccccc1NC(=O)N[C@@H](CO)c1ccc(Cl)cc1
",3.917,3.9170000000000025
"Cc1cc(Br)ccc1CNC(=O)C1CC=CC1
",3.33992,3.339920000000001
"COc1ccc(CN/C(C)=C2/C(=O)N(c3ccc(OC)cc3)N=C2C)cc1
",3.4901,3.4901000000000026
"O=C(COC(=O)C1(c2ccccc2F)CCCC1)N1CCOCC1
",2.0395,2.0395000000000003
"CC1(C)C(=O)NCC[NH+]1Cc1ccc(OCC(F)F)cc1
",0.6238,0.6238000000000006
"Cc1ccc([N+](=O)[O-])cc1C(=O)Nc1ccc(C(=O)NC(C)C)cc1
",3.2937199999999995,3.2937200000000013
"C[C@@H]([C@@H](O)c1ccc2ncnn2c1)[N+](=O)[O-]
",0.4279,0.4278999999999998
"C[C@H](Oc1ccc(Cl)c(Cl)c1)C(=O)NC[C@H]1CCC[C@@H]1O
",3.0379,3.037900000000002
"COC[C@H]1CCC[NH+](Cc2cc(C)n(Cc3ccco3)c2C)C1
",2.1875400000000003,2.1875400000000003
"Cc1ccc([C@H](C)NC(=O)CN(C)C(=O)OC(C)(C)C)cc1F
",3.17822,3.1782200000000014
"CC(=O)NCCC(=O)N1CCC[C@@H](C)C1
",0.7711,0.7710999999999995
"COc1ccc(N2CCn3c2nn(CC(N)=O)c(=O)c3=O)cc1
",-0.9494,-0.9493999999999994
"ClC(Cl)(Cl)c1nonc1C(Cl)(Cl)Cl
",3.723,3.723
"CCc1sc(C(=O)N2CCN([C@@H](C(N)=O)c3ccccc3)CC2)cc1C
",2.60332,2.603320000000001
"C[NH+](C)Cc1cc(NC(=O)CCCC(=O)N2CCCCCC2)[nH]n1
",0.5656,0.5656000000000003
"C[C@@H](Nc1ccc(COC(C)(C)C)cc1)c1ccc(C#N)cc1
",5.04648,5.046480000000004
"NC(=O)c1ccc(NC(=O)c2cccn(Cc3ccc(F)cc3)c2=O)cc1
",2.3869,2.3869000000000007
"Cc1cc(C(=O)N2CC[C@H](C)C[C@H]2C)c2c(C)nn(C)c2n1
",2.84574,2.845740000000001
"Cc1c(C(=O)N2CCCC2)oc2c1-c1nn(CC(=O)N3C[C@@H](C)C[C@@H](C)C3)cc1CC2
",3.29062,3.2906200000000023
"Cc1cc(C)cc(NC(=O)CC(C)C)c1
",3.28804,3.2880400000000023
"COc1cc(OC)cc([C@H]2CC[NH+](CCC(F)(F)F)C2)c1
",2.0284,2.0284
"CCn1ccnc(N2CCCC[C@@H](N3CC[NH+](C)CC3)C2)c1=O
",-0.5476,-0.5475999999999963
"C[C@@H]1CCC[C@](O)(c2ccc(Cl)s2)CC1
",4.1893,4.189300000000003
"CCOC(=O)C[C@H](C)CNC(=O)C(=O)N1CCc2ccc(C)cc21
",1.58962,1.58962
"COc1ccccc1C[NH+]1CCC[C@H](N2CCCC2=O)C1
",0.8649,0.8649
"CCNc1ccc2c(OC)ccc(F)c2n1
",2.8143,2.814300000000001
"Oc1ccc(C2[NH+](Cc3ccccc3)CC[NH+]2Cc2ccccc2)c(O)c1
",1.2802,1.2802
"Fc1ccc([C@@H]2C[C@@H](c3ccc(Br)cc3)Nc3ncnn32)cc1Br
",5.0885,5.0885000000000025
"COc1ccc(O)c(CNC2CC[NH+](Cc3ccccc3Cl)CC2)c1
",2.3913,2.3913
"Cc1ccc(NCc2cccc(C(=O)NCc3ccco3)c2)c(F)c1
",4.26922,4.2692200000000025
"Cc1c(C(=O)N(C)[C@@H]2CCN(c3ccccc3Cl)C2=O)cnn1C
",2.25942,2.2594200000000004
"Cc1nc(C(C)(C)C)[nH]c(=O)c1C(=O)Nc1cccc(Cl)c1C
",3.5899400000000004,3.5899400000000012
"CCOC(=O)[C@H]1CCCN(C(=O)c2cn(CCc3ccccc3)nn2)C1
",1.9361,1.9360999999999997
"C[C@@H]1[C@H](C(=O)[O-])CCN1S(=O)(=O)c1ccc(F)c(Cl)c1
",0.6281,0.6281000000000004
"CC1CCC(OC(=O)C2=NC3=C(C(=O)C[C@@H](c4ccccc4)C3)[C@H]2C)CC1
",4.5998,4.5998000000000046
"CN(Cc1ccno1)Cc1c(C(=O)N2CC[NH+](C3CCCCC3)CC2)nc2ccccn12
",1.6277,1.6277000000000008
"Cc1cc(F)c([C@@H]([NH3+])[C@H]2Cc3ccccc3O2)cc1F
",2.55992,2.559920000000001
"COc1ccc(OCC(=O)N/N=C2\CCCc3ccccc32)cc1
",2.9308,2.9308000000000014
"CC(C)[NH+]1CCC(N2CC[NH+](Cc3c(F)ccc(F)c3F)C[C@@H]2CCO)CC1
",0.0111,0.011100000000003718
"CC[NH2+][C@@H](C)c1cc(F)c(C)cc1N1C[C@H](C)S[C@H](C)C1
",3.10862,3.108620000000002
"CC(C)c1nsc(NC[C@H](C2CC2)[NH+](C)C)n1
",0.9965,0.9964999999999999
"Cc1ccc(-c2nc(C[NH+]3CCCC[C@H]3c3cccnc3)c(C)o2)s1
",3.72504,3.7250400000000026
"COc1cccc(C2=C[C@H](C(=O)N3CCCCC3)N=N2)c1
",2.883,2.883000000000001
"O=C(Nc1ccc2[nH]c(=O)[nH]c2c1)c1cc(S(=O)(=O)NC2CC2)ccc1Br
",2.3117,2.3117
"c1ccc2c(c1)CC[C@H]([C@H]1CCCc3cccnc31)N2
",3.9284,3.9284000000000026
"Cc1ccc(NC(=S)NC(C)C)cc1C
",2.99824,2.998240000000002
"C[C@@H](Nc1ccc2c(c1)CCC2)C(=O)N1CCCC1
",2.5981,2.5981000000000005
"CCOc1ccc(Nc2ccc(C#N)c([N+](=O)[O-])c2)cc1
",3.60878,3.608780000000002
"CC(C)OC(=O)CCNC(=O)c1cnn(-c2ccc(F)cc2)n1
",1.4779,1.4778999999999995
"CCCCOc1ccccc1NC(=O)c1scnc1C1CC1
",4.4517,4.451700000000003
"O=C1N=C(N2CCCCC2)S/C1=C1/C(=O)Nc2ccccc21
",2.4651,2.4651000000000005
"Cc1c([C@H](C)NC(=O)c2[nH]c3ccccc3c2Cl)cnn1C
",3.35422,3.3542200000000015
"CSc1cccc2sc(N3CCN(C(=O)c4ccn(C(C)C)n4)CC3)nc12
",3.758,3.758000000000002
"Cc1ccc(C)c2nc3sc(C(=O)Nc4ccc5c(c4)OCO5)c(N)c3cc12
",4.62954,4.629540000000001
"COC(=O)CCN(Cc1cnc2ncccn12)C1CCOCC1
",1.2734,1.2733999999999992
"O=C(c1c[nH]c2ccc(F)cc12)N(CC1CC1)CC(F)(F)F
",3.7215,3.7215000000000025
"O=C(Cc1ccc(Cl)cc1)/N=C1/S[C@@H]2CS(=O)(=O)C[C@H]2N1c1cc(Cl)ccc1Cl
",4.4909,4.4909000000000034
"Cc1cccc(C)c1NC(=O)C[NH+]1CCC(OCc2ccc(F)cc2)CC1
",2.64514,2.6451400000000005
"C[C@H]1CCC[C@@H](C)N1C(=O)[C@@H]1COCCO1
",1.1913,1.1913
"CC(C)[C@@H](C)CC(=O)NNC(=S)NC1CCCCC1
",2.4966,2.4966
"Cc1cccc(NC(=O)CN2C(=O)/C(=C3\SC(=S)N(Cc4ccco4)C3=O)c3ccccc32)c1
",4.34492,4.344920000000004
"CC(=O)N[C@@H]1C(=O)C[C@@H]2[C@H]3CCC4=CC(=O)CC[C@@]4(C)[C@@H]3CC[C@]12C
",3.202,3.2020000000000017
"CCCNC(=O)[C@H]1CS[C@H](c2ccccc2O)N1C(C)=O
",1.8809,1.8808999999999996
"Cc1ccc(N2CC[C@H](C(=O)NC[C@@H](CC(C)C)N3CCOCC3)C2=O)cc1
",2.21102,2.2110199999999995
"COc1ccc(NC(=O)CCc2ccc3c(c2)OCCO3)cc1OC
",3.0463,3.0463000000000013
"Cc1ccc(C(F)(F)F)cc1/C=C/C(=O)[O-]
",1.77692,1.7769199999999996
"Cc1ccccc1C(=O)Nc1ccc(N2CC[NH+](Cc3ccccc3)CC2)cc1
",3.15242,3.152420000000002
"c1cc(C[NH2+]Cc2ccco2)cc(OC2CCCC2)c1
",2.8646,2.864600000000001
"O=C(c1cccs1)N(Cc1ccc(F)cc1)Cc1cc(-c2ccccc2)cn2nnnc12
",4.8345,4.834500000000005
"COc1ccccc1CC(=O)N[C@@H]1CS(=O)(=O)C[C@H]1Cl
",0.7583,0.7583
"c1cc(-c2nc3c4cn[nH]c4ncn3n2)ccc1COc1ccc2c(c1)CCC2
",3.7353,3.7353000000000023
"CN(C(=O)c1ccc(Cl)cc1O)C1CCC(=O)CC1
",2.6293,2.6293000000000006
"CNC(=O)CNS(=O)(=O)c1cccc(C(F)(F)F)c1
",0.7297,0.7297000000000001
"Cc1ccc(S(=O)(=O)N2C[C@@H](CC(=O)[O-])c3ccccc32)c(C)c1
",1.73594,1.7359399999999996
"Cc1cc(N)nc(SCC(=O)NC[C@@H](c2ccccc2)C(C)C)n1
",3.01532,3.0153200000000018
"Cn1cc(C(N)=O)c(NC(=O)c2ccc3sccc3c2)n1
",1.986,1.986
"COc1cc2c(cc1O)[C@H](c1cnc(-c3cccc(C)c3)nc1)CC(=O)N2
",3.64032,3.6403200000000018
"CC(=O)Nc1ccc(O[C@H](C)c2nc(C(C)(C)C)no2)cc1
",3.4655,3.4655000000000022
"O=C(c1c(-c2ccccc2)nc2sc3c(n12)CCCC3)C(F)(F)F
",4.6866,4.686600000000002
"CC(C)CNC(=O)NC(=O)[C@@H](C)Nc1ccc(OC(C)C)cc1
",2.756,2.756000000000001
"C=C[C@](C)(O)CC[C@H]1C(C)=CC(=O)[C@H]2C(C)(C)CCC[C@@]21C
",4.6814,4.6814000000000044
"CC[C@H](C)Sc1nncn1-c1ccccc1C
",3.46632,3.4663200000000023
"COCC(=O)N1CCCc2ccc(NC(=O)c3cccc(Br)c3)cc21
",3.627,3.6270000000000024
"C[C@H](Oc1cccc(Cl)c1)C(=O)Nc1ccc2ccccc2c1
",4.8992,4.899200000000003
"Cc1cc(Br)ccc1SCC(=O)N1CCC(C(=O)c2ccc3c(c2)OCCO3)CC1
",4.742319999999999,4.742320000000004
"Nc1ccc2c(c1)CN(C(=O)c1ccc(Cl)cn1)CC2
",2.5157,2.5157000000000007
"C[C@H](CN(C)C(=O)c1ccc(F)c(F)c1F)C(=O)[O-]
",0.5619,0.5619000000000001
"NC(=O)c1ccc(SCC(=O)Nc2ccc3c(c2)Cc2ccccc2-3)c([N+](=O)[O-])c1
",3.9957,3.995700000000003
"CN(C(=O)CSCC(F)(F)F)c1cccc([N+](=O)[O-])c1
",2.8531,2.8531000000000013
"C=CCn1c(SCC(=O)Nc2cc(C)on2)nnc1[C@H]1COc2ccccc2O1
",3.00382,3.003820000000001
"CC(=O)N[C@@H](CC(=O)Nc1ccnn1Cc1ccc(C)o1)c1ccccc1
",3.03882,3.038820000000001
"CNC(=O)Cc1nc(C[NH+](C)C2CCC(c3ccccc3)CC2)cs1
",2.1727,2.1727
"COCCOc1c(Cl)cccc1NC(=O)Cc1c[nH]c2ccccc12
",4.0277,4.027700000000003
"COCCN1[C@@H](C)CN(C(=O)C[NH+](C)C2CC2)C[C@H]1C
",-0.7689,-0.7688999999999957
"CSc1nncn1/N=C\c1cc(Cl)ccc1F
",2.6747,2.6747000000000005
"CC(C)(C)OC(=O)N1CC[C@H]2CC(=O)[C@H]2C1
",1.8324,1.8324
"C[C@@H](CCO)SCc1ccccc1OC(F)F
",3.2921,3.2921000000000022
"C[C@@H]1C[C@@H]1C(=O)Nc1ccc(F)cc1C(=O)NC1CCC(O)CC1
",2.4535,2.4535
"COc1ccccc1CNC(=O)COc1ncnc2oc(C)c(C)c12
",2.5434400000000004,2.5434400000000004
"Fc1ccc(F)c(C[NH+]2CCC(n3cc(-c4cccnc4)nn3)CC2)c1F
",2.1774,2.1774000000000004
"O=C(C[NH+]1CCC(C(=O)c2ccc(Cl)cc2)CC1)NC[C@H]1COCCO1
",0.3492,0.34920000000000107
"CCC[NH+](C)C[C@H]1CCN(C(=O)Nc2cc(NC(C)=O)ccc2C)C1
",1.73192,1.7319200000000003
"Cc1nc2ncnn2c(NCCOC2CCCCCC2)c1C
",2.89244,2.8924400000000015
"C[C@H]1CN(Cc2cnn(-c3ccccc3)n2)C[C@H](C)S1
",2.5931,2.5931000000000006
"COc1cc(OC)cc([C@@H](N[C@@H](C)c2ccc(F)cn2)c2[nH+]ccn2C)c1
",2.8307,2.830700000000001
"CC(C)CCc1noc(C[NH+](C)[C@H]2CCC[C@@H]2S(C)(=O)=O)n1
",0.6386,0.6386000000000012
"CCc1nc2n(n1)CCC[C@H]2NC(=O)c1ccc(-n2cc(C)cn2)cc1
",2.59952,2.599520000000001
"C[C@@H](NC(=O)c1ccccc1CSc1nc2ccccc2[nH]1)C1CC1
",4.3835,4.383500000000002
"O=C([C@H]1CCCN1S(=O)(=O)N1CCCCC1)N1CCSCC1
",0.7569,0.7569000000000001
"Cn1c(=O)c(=O)n(CC(=O)N2CCC3(CC2)OCCO3)c2cccnc21
",-0.5393,-0.5392999999999981
"COc1ccc(C(=O)N(CC2=CC=C[C@@H]3N=CC=C23)C2CC2)cc1
",3.1754,3.1754000000000016
"CCc1ccc(-c2nc(N)ccc2[N+](=O)[O-])cc1
",2.8014,2.8014
"c1csc([C@@H]2CN(Cc3cnc(C4CCC4)s3)CCO2)c1
",4.0456,4.045600000000003
"O=S(=O)(/N=C(\[O-])c1ccsc1)N1CCCC1
",0.1956,0.19560000000000022
"Cc1nccn1CC(=O)N1CCCC[C@@H]1CCNC(=O)c1ccccc1
",2.39272,2.3927200000000006
"C[C@H](Sc1nnc(-c2ccc(Cl)cc2)n1C[C@H]1CCCO1)C(=O)Nc1ccc2c(c1)OCO2
",4.6255,4.625500000000003
"COc1ccc(-n2nnc(-c3nc(-c4ccc5c(c4)OCO5)cs3)c2C)cc1OC
",4.11212,4.1121200000000036
"CN(c1ccccc1)S(=O)(=O)c1ccc2c(c1)C(C)(C)C(=O)N2
",2.7414,2.7414000000000005
"Cc1cc(S(=O)(=O)N2CCN(C(=O)[C@H]3C[C@H]3c3ccc(Cl)cc3)CC2)c(C)s1
",3.65494,3.6549400000000025
"O=C(Nc1ccc(Oc2ccc(Cl)nn2)cc1)[C@@H](O)c1ccccc1
",3.5944,3.594400000000001
"CCCc1cc(=O)n2c(n1)SC[C@@H]2CC(=O)Nc1cccc(Cl)c1Cl
",4.1782,4.178200000000003
"Cc1ccc(NC(=O)CSc2nnc([C@@H]3CCCN3C(=O)c3cccc(C)c3)n2C)cc1
",4.14004,4.1400400000000035
"Cc1noc(C)c1CCCNC(=O)N[C@H]1CC(=O)N(C2CC2)C1
",1.28654,1.2865399999999996
"CC(C)(C)[C@@H]1CCC(=O)[C@@H](CN2CCOCC2)C1
",2.3501,2.3501000000000003
"COc1cc(/C=C2\SC([N-]c3cccc(C(=O)[O-])c3)=NC2=O)cc(OC)c1O
",2.4486,2.4486000000000003
"C=CCO[C@H](C)C(=O)Nc1ccc(F)cc1Br
",3.1178,3.1178000000000017
"O=C(CN1CCN(Cc2ccc(F)c(F)c2)CC1)c1cccs1
",3.0268,3.0268000000000015
"CC[NH+]1C[C@H](c2ccccc2)CC2(CCN(C(=O)c3ccon3)CC2)C1
",1.9893,1.9892999999999998
"C[C@H]1C[C@H]([NH+]2CC[C@H](S(=O)(=O)NC3CC3)C2)CC(C)(C)C1
",0.9402,0.9402000000000013
"CC[C@H](Sc1cc(C)c2cccc(C)c2n1)C(=O)Nc1nc2ccc(S(N)(=O)=O)cc2s1
",4.61814,4.618140000000003
"COC(=O)[C@]1(NC2CC2)CC[C@H](Sc2ncc(C)cn2)C1
",2.09342,2.0934199999999996
"COc1ccccc1Nc1nn(CN(C)OC)c(=S)s1
",2.87699,2.876990000000001
"Cc1cc(C)c(C)c(S(=O)(=O)/N=C(\[O-])c2cc(C3CC3)n(C(C)(C)C)n2)c1C
",3.24498,3.2449800000000018
"CC(C)(O)C#Cc1ccc(C[NH2+][C@H]2CCCN(c3nc4ccccc4s3)C2)s1
",3.2126,3.212600000000001
"COc1ccc(OC)c(S(=O)(=O)n2cc3c(=O)n(C)c(=O)n(C)c3n2)c1
",-0.3121,-0.3120999999999996
"C/[NH+]=C(/NCc1noc(C(C)(C)C)n1)N[C@@H](C)c1ccc(F)cc1F
",1.1521,1.1521000000000001
"Cc1nnsc1C(=O)Nc1nnc(-c2ccc(Br)cc2)o1
",2.91132,2.911320000000001
"CCN(Cc1ccc(OC)c(OC)c1)C(=O)C[NH+]1CC[C@@H](C)[C@H](O)C1
",0.3379,0.3379000000000017
"O=C([O-])[C@H]1CCCCN1C(=O)CSCc1ccccc1
",1.0508,1.050799999999999
"Cc1cccc([C@H](O)C[C@@H]2CCCCC[NH2+]2)c1
",1.92452,1.9245199999999998
"O=C(C1CCCCC1)N1CCN(Cn2cc(Br)cn2)CC1
",2.3276,2.3276000000000003
"Cc1ccccc1COc1ccc([C@@H]2C3=C(CCCC3=O)Nc3nnnn32)cc1
",3.58252,3.5825200000000006
"CCO[C@@H]1C[C@@H]([NH+](C)C[C@@H]2CCCN(S(C)(=O)=O)C2)C12CCCCC2
",1.3006,1.3006000000000013
"CCn1c(=O)c(=O)[nH]c2cc(C(=O)NN3C(=O)N[C@](C)(c4ccccc4)C3=O)ccc21
",0.8217,0.8217000000000008
"COc1cc(OC)cc([C@@H](NC(=O)N(C)C2CCCCC2)c2nccn2C)c1
",3.5008,3.5008000000000026
"O=C1[C@H]2[C@@H]3C=C[C@@H](C3)[C@H]2C(=O)N1CN(C(=O)C(F)(F)F)c1cccc(C(F)(F)F)c1
",3.3653,3.365300000000002
"CCNc1ncc(COc2cccc3ccccc23)s1
",4.3071,4.307100000000003
"Cc1noc(C)c1CCCNC(=O)c1c(C)nn(Cc2ccccc2)c1C
",3.51568,3.5156800000000024
"C[C@H]1CC([NH2+][C@@H](C)c2c[nH]c3cc(F)ccc23)C[C@H](C)O1
",2.8874,2.8874000000000004
"C/C(=C1/SC(=O)N(c2ccc(Cl)cc2)C1=O)c1ccc(Br)cc1
",5.7335,5.733500000000004
"Cc1ccc(NC(=O)C[C@H]2SC([N-]c3ccc(N(C)C)cc3)=NC2=O)c(C)c1
",4.40144,4.401440000000003
"CO[C@H]1CCCC[C@H]1NC(=O)NC[C@H](c1cccc(F)c1)[NH+](C)C
",1.2681,1.2681
"Cc1nn(C)c(C)c1CN[C@H]1CCC[NH2+]C1
",-0.14766,-0.14765999999999785
"Cc1cc(=O)[nH]c(SCC(=O)N2C[C@]3(C)C[C@H]2CC(C)(C)C3)n1
",2.59762,2.597620000000001
"COC1CC[NH+](Cn2nc(-c3ccc(C)cc3)n(C)c2=S)CC1
",1.57771,1.5777100000000002
"C[NH2+][C@]1(C(=O)[O-])CCC[C@@H](OCC2CCCCC2)C1
",0.2078,0.2078000000000011
"Cc1nnc(SCC(=O)c2cc(C)n(CC(F)(F)F)c2C)s1
",3.80216,3.8021600000000024
"CC(C)CN(CCC#N)C(=O)NC[C@@H]1CC[C@H](C(=O)[O-])O1
",-0.13482,-0.13481999999999905
"Cc1cc(CN2CCN3C(=O)NC[C@@H]3C2)cc(C)c1OC(F)F
",2.11424,2.1142399999999997
"CCNC(=O)c1cccc(NC(=O)NCCCSC)c1
",2.3109,2.3109
"Cn1c(-c2cccc3ccccc23)nn(CN2CCOCC2)c1=S
",3.0609900000000003,3.0609900000000003
"CCCCCN1C(=O)/C(=C/c2ccc(O)c(OCC)c2)SC1=S
",4.1823,4.182300000000003
"N#CCCN(Cc1ccccc1)C(=S)NC(=O)c1cccc(Cl)c1
",3.77058,3.7705800000000025
"CCCS(=O)(=O)c1ccccc1C(=O)Nc1nnc(CC)s1
",2.5365,2.536500000000001
"CNC(=O)[C@H](C)CN(C)Cc1cc(=O)n2cccc(C)c2[nH+]1
",0.23592,0.23592000000000085
"COCCNC(=O)/C(C#N)=C/c1cccc(O)c1
",1.06178,1.0617799999999997
"CNC(=O)CN1c2ccccc2C(=O)N(C)[C@H]1c1ccccc1O
",1.729,1.7289999999999994
"CC(=O)N[C@H](C)C(=O)Nc1ccc(Sc2nncs2)c(Cl)c1
",2.8058,2.8058000000000005
"CC[n+]1c(N)n(CCOc2ccc(Cl)cc2Cl)c2ccccc21
",3.9167,3.9167000000000023
"COC(=O)CCCc1nnc(NC(=O)N2CCC[C@@H]3CCC[C@@H]32)s1
",2.8302,2.8302000000000014
"O=C(N[C@H]1CCCC[C@H]1OC1CCCC1)c1ccc([N+](=O)[O-])cc1
",3.595,3.5950000000000024
"O=C(CCOc1ccccc1)NNC(=O)CC1(O)CCCC1
",1.2981,1.2980999999999994
"C=CCN(CC(=O)[O-])C(=O)[C@@H](C[NH3+])C(C)C
",-1.735,-1.7349999999999974
"O=C(CCn1ccccc1=O)NCC1(c2ccccc2)CC1
",2.0864,2.0863999999999994
"COc1cc(C)c([C@@H](C)NC(=O)CSC2CCCC2)cc1OC
",3.86522,3.8652200000000034
"C=CCNC(=O)Nc1ccc(F)c(NC(=O)OC)c1
",2.3115,2.3114999999999997
"Oc1ccccc1/C=[NH+]/CCC/[NH+]=C/c1ccccc1O
",-0.8129,-0.8128999999999984
"Cn1cccc1Cc1nnc(SCC(=O)Nc2ccc3c(c2)OCCO3)n1C
",2.2464,2.2463999999999995
"C[C@@H](C#N)CNC(=O)c1cccc(Oc2cccc(C(F)(F)F)c2)c1
",4.38718,4.3871800000000025
"Cc1oc(-c2ccccc2)nc1CCNC(=O)c1ccc([S@@](C)=O)cc1
",3.35992,3.3599200000000007
"CCc1noc(C)c1C[NH+](C[C@@H]1CCCCO1)C(C)C
",1.90782,1.9078199999999996
"Cc1ccccc1Oc1cc(Br)ccc1C[NH3+]
",3.29172,3.2917200000000006
"CCc1cccc(CC)c1NC(=O)NC1CC1
",3.0953,3.095300000000001
"CC[NH+]1CCN(C2(CNC(=O)c3ccccc3Br)CCCCC2)CC1
",2.1022,2.1022
"CCCCn1nc(C)c(C[NH2+]C[C@@H](C)O)c1Cl
",1.08922,1.0892200000000005
"C/C=C/C=C/C(=O)N1C[C@@H](C(=O)OC)[C@@H](C)C1
",1.3862,1.3861999999999999
"COc1cccc(OC)c1OC1CC[NH+](Cc2ccc([C@H]3C[C@@H]3C)o2)CC1
",3.0465,3.046500000000001
"COC(=O)c1cc(CSc2nnc(-c3cccnc3)n2-c2ccccc2F)oc1C
",4.44872,4.448720000000003
"CCOc1ccc2cc(C(=O)NCc3ccccc3)c(=[NH2+])oc2c1
",1.4213,1.4212999999999998
"O[C@H]1CCN(c2ccnc(N3CCc4[nH]c5ccc(Cl)cc5c4C3)n2)C1
",2.745,2.745000000000001
"O=S(=O)(NC[C@H](O)c1ccc(C(F)(F)F)cc1)c1cc(F)ccc1F
",2.9955,2.9955000000000016
"O=C(CSc1ccc2c(c1)OCCCO2)NC(=O)c1cccs1
",2.9581,2.958100000000001
"C[NH+](C)CCSc1ccc(NC(=O)C2CC2)nn1
",0.0617,0.06170000000000053
"Cc1ccc(C)c(NC(=S)NCCc2cccs2)c1
",3.89404,3.894040000000002
"CNc1ncc(F)c(-c2cccc(Cl)c2)n1
",2.9778,2.977800000000001
"Cc1ccc(-c2nnc(SCC(=O)Nc3ccc(CC#N)cc3)n2N)cc1
",2.7642,2.7641999999999998
"CCN(CC)C(=O)c1ccccc1OC(C)=O
",2.0939,2.0938999999999997
"Cc1ccc(-c2nc(-c3ccc(OCC(F)(F)F)nc3)no2)cc1
",4.04812,4.048120000000003
"COc1ccc([C@@H](CNc2nc3ccccc3o2)N2CCOCC2)cc1
",3.3218,3.3218000000000023
"CNC(=O)[C@H]1CCCC[C@H]1[NH2+][C@H](C)c1cc(C)cc(C)c1
",2.23264,2.23264
"CCN[C@H](c1cccnc1)C1([NH+]2CCCCC2)CCCC1
",2.1138,2.113799999999999
"Cn1ncc2c(NCc3ccco3)nc(CCc3ccccc3)nc21
",3.3536,3.353600000000002
"Cn1cc[nH+]c1C[C@H]1CCC[NH+](Cc2ncc(-c3ccccc3Cl)o2)C1
",2.1852,2.1852
"Cc1cc(N2CC[C@H](C)[C@H](O)C2)nc(C)[nH+]1
",0.71964,0.7196399999999998
"Cc1nnc(CCC[NH+]2CCC(CC[NH+]3CCCC[C@@H]3C)CC2)o1
",0.45292,0.45292000000000265
"CCc1nn(C)cc1CNC(=O)C1(CC)CCC1
",2.1790000000000003,2.1789999999999994
"COc1ccc(N2/C(=N/C(=O)CCCC(=O)[O-])S[C@@H]3CS(=O)(=O)C[C@H]32)cc1Cl
",0.8702,0.8702000000000003
"CC(=O)C1=C([O-])C(=O)N(CCC2=c3ccccc3=[NH+][C@H]2C)[C@H]1c1ccccc1F
",-0.7443,-0.7442999999999975
"COc1cc(C)c(C(=O)N[C@H]2C[C@H](C)N(c3ccccc3)C2)cc1OC
",3.40942,3.4094200000000017
"Cc1ccc([C@H]2C[C@@H]2NC(=O)N2CCC(C(N)=O)CC2)cc1C
",2.06624,2.0662399999999996
"Cc1nc2n(n1)CCC[C@@H]2N[C@@H]1CCc2c(Cl)cc(Cl)cc21
",4.005319999999998,4.005320000000003
"CC(C)Oc1ccc(-c2nc(C(=O)O[C@@H](C)[C@@H]3CCOC3)cs2)cc1
",4.1791,4.179100000000004
"CN(C[C@@H]1CCCN(C(=O)NCCc2ccc(F)cc2)C1)C(=O)OC(C)(C)C
",3.6567,3.6567000000000025
"COc1cc(Cl)c(C)cc1NC(=O)[C@H](C)N1CCN(S(=O)(=O)c2c(C)noc2C)CC1
",2.59536,2.595360000000001
"Cc1nc(-c2ccc(Cl)s2)sc1C(=O)N[C@H]1C[C@H]1C
",3.97162,3.9716200000000024
"COc1cc(F)c([C@H]([NH3+])c2ccc(SC)cc2)cc1OC
",2.8961,2.8961000000000015
"Cc1ccc(-n2ccnc2SCC(=O)N(CC(N)=O)C(C)C)cc1C
",2.3035400000000004,2.30354
"Cc1cccc(/C=C2\SC(=S)N(c3c(C)cccc3C)C2=O)c1
",5.01766,5.017660000000004
"CC1=C(C(=O)OC(C)C)[C@H](C)N=C1C(=O)Nc1ncc(C)s1
",2.50122,2.501220000000001
"COC(=O)c1cccc(C(=O)N2C[C@@H](c3ccc(F)cc3)C[C@H]2C)c1
",3.6305,3.6305000000000023
"O=C(NCCCn1ncccc1=O)[C@@H]1CC(=O)N(c2ccccc2)C1
",0.8027,0.8026999999999993
"CCC(=O)N1CCCN(C(=O)N[C@@H]2CCc3ccccc32)CC1
",2.3278,2.3278000000000008
"Cc1cccc([C@@H](C)[NH2+]CCS(=O)(=O)C(C)(C)C)c1C
",2.14114,2.14114
"Cc1ccc(-c2cnc(CCC(=O)NCC(C)(C)c3ccncc3)o2)cc1
",4.071619999999999,4.071620000000003
"Cc1cc(NN)c2cccc(OC(F)(F)F)c2[nH+]1
",2.14652,2.1465199999999998
"C[C@H]1CCC[C@@H](C(=O)Nc2cccc(OCCc3ccccc3)c2)[NH2+]1
",2.7510000000000003,2.7510000000000003
"Cn1ncnc1CCNC(=O)[C@H]1C[C@@H]1c1cc(Cl)cc(Cl)c1
",2.5843,2.5843000000000007
"CC[C@H](Sc1nnc2cc(C)c3cc(C)cc(C)c3n12)C(=O)Nc1nnc(COC)s1
",4.31506,4.315060000000003
"CCOc1ccc(S(=O)(=O)N2CCC(c3nnc(C4CC4)o3)CC2)cc1
",2.914,2.9140000000000015
"Cc1cc2nc(C)c(CCC(=O)NC[C@@H](c3ccccc3)N3CCOCC3)c(C)n2n1
",2.77686,2.776860000000001
"COc1ccc(N2C(=O)CS[C@H]2c2ccc(Cl)cc2)cc1Cl
",4.7806,4.780600000000003
"C/C=C(\C)[C@@H]1C=C[C@@H]2C[C@H](C)C[C@H](C)[C@@H]2[C@@H]1C(=O)C1=C([O-])[C@H](C[C@](C)(O)C(=O)[O-])NC1=O
",0.6261,0.6261000000000011
"CS(=O)(=O)c1ccc(NC(=O)N2CCC[C@H]2CC2CCCCC2)cc1
",4.0568,4.0568000000000035
"COc1ccc(C(=O)OCc2nc3ccccc3s2)cn1
",3.0569,3.0569000000000015
"COc1ccc(S(=O)(=O)Nc2ccccc2-n2nc(C)cc2C)cc1NC(C)=O
",3.25694,3.256940000000001
"Cn1c(=O)n(CC(=O)N[C@@H]2CCCc3ccc(F)cc32)c2ccccc21
",2.6729,2.6729000000000003
"N#C/C(C(=O)NC1CCCC1)=C(/[O-])Cc1cnn(-c2ccccc2)c1
",1.61158,1.6115799999999998
"NC(=O)[C@H](Nc1cccc(Oc2ccccc2)c1)c1ccc(F)cc1
",4.2565,4.256500000000002
"CCN(C[C@@H]1CCOC1)C(=O)Nc1cc2c(cc1Cl)OCCO2
",3.0015,3.001500000000001
"CCCCc1nnc(NC(=O)C2CCN(S(=O)(=O)c3ccc(C)cc3)CC2)s1
",3.22852,3.2285200000000023
"CC[C@@H](NC(=O)c1ccc(Br)o1)C(=O)N1CCOCC1
",1.4093,1.4093
"CC[C@]1(c2ccccc2)NC(=O)N(CCOc2ccc(Cl)cc2Cl)C1=O
",4.2295,4.229500000000003
"COc1ccc(OC)c(NC(=O)c2ccc3c(c2)C(=O)N(c2cc(C)on2)C3=O)c1
",3.0531200000000003,3.0531200000000016
"Cc1ccc(OCC(=O)NC(=S)NC[C@H]2CCCO2)cc1
",1.54352,1.5435199999999996
"CN(C(=O)CCOc1cccc(C(N)=O)c1)[C@H]1CCC[NH+](C)C1
",-0.3101,-0.3100999999999976
"COC(=O)c1ccc(NC(=O)c2c(C)sc3ncnc(N4CCC[C@H](C)C4)c23)cc1
",4.27492,4.274920000000003
"Cn1ncc2c1CC/C(=C\c1ccc(-n3cncn3)c(F)c1)C2=O
",2.3524,2.3524000000000003
"O=C(Cc1ccc([N+](=O)[O-])cc1)NCC1(O)CCOCC1
",0.795,0.795
"C=CCOc1ccc(CNc2ccc(OC)cc2)cc1
",3.8721,3.8721000000000023
"C[C@H]1N=C(CCNC(=O)CCC2=c3ccccc3=[NH+]C2)CS1
",-0.6286,-0.6285999999999983
"COC(=O)c1cc(NC(=O)[C@@H]2CCO[C@H]2C)ccc1C
",2.14512,2.1451200000000004
"COc1ccccc1[C@@H](C)NC(=O)c1cnc2c(C)cccn2c1=O
",2.50252,2.5025200000000005
"CC[C@@H](C)NS(=O)(=O)c1cc(N2C(=O)[C@@H](C)CS2(=O)=O)ccc1OC
",1.0845,1.0844999999999994
"CC(C)(C)NS(=O)(=O)c1ccc(OCC(=O)N2CCOCC2)cc1
",1.001,1.0010000000000001
"COCCCNC(=O)[C@H]1CN(C(=O)c2cccs2)CC12CCCCC2
",2.9233,2.923300000000001
"Cc1nc(-n2cccc2)sc1C(=O)Nc1cccc(-c2cn3ccsc3n2)c1
",4.87072,4.870720000000003
"CC[S@](=O)[C@H]1CCCC[C@@H]1NC(=O)NC[C@H](O)c1ccco1
",1.692,1.6919999999999995
"Cc1cc2ncn(C[C@H]3CC3(Cl)Cl)c2cc1C
",3.84694,3.8469400000000027
"Cc1ccccc1OCC(=O)O[C@@H](C)c1nccs1
",3.13472,3.1347200000000015
"C[C@H](C(=O)N1CCOCC1)[NH+]1CCN(Cc2ccc3c(c2)OCO3)CC1
",-0.6369,-0.6368999999999962
"CCN(C(=O)[C@@H]1Cc2ccccc2S1)[C@H]1CCC[C@@H]1C[NH3+]
",1.9625,1.9625
"Cc1cc(Br)ccc1NC(=O)[C@@H](C)[NH+](C)Cc1cccs1
",2.86092,2.86092
"COC(=O)[C@H]1CCC[C@H]1NC(=O)Nc1ccc(C)cc1C
",2.76664,2.7666400000000007
"CC(C)NS(=O)(=O)c1ccc(C(=O)N[C@H](C)c2ccccc2Br)cc1
",3.6268,3.626800000000003
"CC(C)OCCN1CCN(C(=O)Nc2ccccc2C(F)(F)F)CC1
",3.2799,3.2799000000000014
"CCn1cc(-c2nc(-c3cccc(Cl)c3)no2)c(=O)c2ccccc21
",4.3918,4.391800000000003
"COC[C@@H](C)NC(=O)C(=O)Nc1cc(-c2ccccc2)nn1C(C)C
",2.2206,2.2206
"C#CCOc1ccccc1CN1CCN(C2=[NH+]C[C@@H](C)S2)CC1
",0.3881,0.388100000000001
"COCCNC(=O)[C@H]1CCCN1S(=O)(=O)c1ccc(Br)cc1
",1.3648,1.3647999999999993
"Cc1ccc(C[C@H](O)c2c(F)cc(Br)cc2F)cc1
",4.31182,4.311820000000002
"COC(=O)[C@@]1(NC2CCCC2)CCCS[C@H]1C
",2.3459,2.3459000000000003
"CCC[NH2+][C@H](Cc1ccccc1)[C@@H]1CN(CC)CCO1
",1.2918,1.2918000000000003
"C=CCn1c(=O)c2c(nc3n2[C@H](C)C(C)=NN3C)n(C)c1=O
",0.4694,0.4693999999999998
"C[C@H]1CCCC[C@H]1NC(=O)c1cc(S(=O)(=O)N2CCOCC2)ccc1Cl
",2.6694,2.6694000000000004
"COCCn1ccc2ccc(NC(=O)NCCc3ccccn3)cc21
",3.0469,3.0469000000000017
"Cc1nc(CNC(=O)C(=O)Nc2cc(Cl)ccc2Cl)no1
",1.93972,1.9397199999999994
"CS[C@@H]1CC[C@H](NC(=O)CCC(=O)c2ccc(C)s2)C1
",3.41972,3.4197200000000025
"Cc1nc(/C=N/Nc2ccc(Cl)nn2)c[nH]1
",1.60752,1.6075199999999996
"O=C(CSc1nnnn1C1CC1)N[C@H](CO)C(=O)[O-]
",-2.6729,-2.672899999999998
"O=C(COc1ccc(Br)cc1)N[C@H]1CCS(=O)(=O)C1
",1.1312,1.1311999999999998
"CCc1nnc(NC(=O)c2ccccc2N)s1
",1.935,1.9349999999999998
"O=C([O-])c1ccccc1-c1ccc(/C=C2\C(=O)N(c3cccc(Br)c3)C(=O)N=C2[O-])o1
",2.3816,2.3816000000000006
"COc1ccc(-c2csc(NC(=O)c3ccc(S(C)(=O)=O)cc3)n2)cc1OC
",3.4831,3.483100000000002
"COc1ccc(Cn2ccc3nc(N4CCN(c5ccccc5)CC4)ncc3c2=O)cc1
",3.175,3.1750000000000016
"Cc1nn(C)cc1/C=N/NC(=O)c1ccncc1
",0.8874200000000001,0.8874200000000001
"N#Cc1ccc(OC2CCC(NC(=O)c3ccc[nH]3)CC2)nc1
",2.40138,2.4013800000000005
"CC(C)c1ccc2oc(-c3ccc(C[NH3+])cc3)nc2c1
",3.3601,3.360100000000001
"COc1ccc([C@@H]2NC(=O)N[C@@](O)(C(F)(F)F)[C@H]2C(=O)c2ccc(F)cc2)cc1OC
",2.9468,2.9468000000000014
"Cc1cc(NC(=O)c2cccc([N+](=O)[O-])c2C)n(-c2ccccc2F)n1
",3.78874,3.7887400000000016
"CCC(=O)N1CCCC[C@@H]1C(=O)NCCc1ccc(F)cc1C
",2.58392,2.58392
"Cc1ccc(S(=O)(=O)N2C(N)=C(C#N)[C@H](c3ccc(Cl)cc3)[C@H]2C(=O)c2ccccc2)cc1
",4.3819,4.381900000000003
"C[NH+](C)[C@@H]1CC[C@H](NC(=O)[C@@H]2CCCc3[nH]ncc32)C1
",0.0114,0.011400000000001687
"CCOCCS(=O)(=O)[N-]c1cc(Br)ccc1O
",2.5262,2.5262000000000016
"NC1=NC(=O)[C@H](CC(=O)N2CC[C@H](c3ccccc3)C2)S1
",1.3493,1.3492999999999997
"Cc1noc(-c2cccnc2N2CC[C@H](NC(=O)COc3ccc(F)cc3)C2)n1
",2.35302,2.35302
"Cc1ccc(OC(=O)c2cccc(C(=O)Oc3ccc(C)cn3)n2)nc1
",2.9268400000000003,2.926840000000001
"CN(CC1CCCC1)C(=O)C(=O)Nc1cccc(SC(F)F)c1
",3.5884,3.588400000000002
"COc1cccnc1N(C)C(=O)C[C@H](C)Cc1ccc(Cl)cc1
",3.9753,3.9753000000000034
"O=C(c1cc(=O)[nH]c2ccccc12)N1CCC([C@H](O)c2ccccc2)CC1
",3.1139,3.113900000000002
"CCO[C@@H]1C[C@@H]([NH3+])[C@@H]1Nc1ncc(Cl)cc1F
",1.0739,1.0738999999999999
"CC(=O)Nc1ccc(NC(=O)c2ccc3c(c2)Cc2ccccc2-3)cc1
",4.4685,4.468500000000002
"COCCOC[C@H]1CC[NH+](C2C[C@@H](C)O[C@H](C)C2)C1
",0.5102,0.5102000000000022
"O=C1OC(c2ccccc2OC(F)F)=N/C1=C\c1cccc(F)c1
",3.7716,3.771600000000002
"COc1ccccc1CNC(=O)c1cc2sccc2n1Cc1cccc(F)c1
",4.8288,4.828800000000004
"CCOC(=O)C1(NCc2nnc(-c3cc(C)oc3C)o2)CCCC1
",2.91194,2.9119400000000013
"N#Cc1cccc(NC(=O)N2CCC(NC(=O)CC3CCCC3)CC2)c1
",3.25108,3.2510800000000017
"CCOC(=O)C1=C(c2ccccc2)Nc2ncnn2[C@H]1c1ccc(SC)cc1
",3.9893,3.9893000000000027
"Cc1cc(NC(=O)N[C@@H](Cc2ccccc2)c2ccccc2F)n(C)n1
",3.97312,3.9731200000000024
"C[C@H](Sc1cccc[n+]1[O-])C(=O)NC[C@H]1COc2ccccc2O1
",1.7568,1.7567999999999997
"O=C(NCCOc1ccc2c(c1)OCO2)c1cc(C2CC2)on1
",2.0895,2.0895
"N#CCC[NH2+]C1(C(=O)[O-])CC1
",-2.25402,-2.254019999999999
"CC[C@@H](Oc1ccccc1OC)C(=O)NCc1ccccn1
",2.564,2.564000000000001
"Cc1nc(C[C@@H](N)[C@]2([NH+](C)C)CCC[C@H](C)C2)cs1
",1.41472,1.4147199999999993
"CCOc1ccccc1/C=C1\Oc2c(ccc([O-])c2C[NH+]2CCN(C)CC2)C1=O
",1.1054,1.1053999999999995
"CC(C)Cn1cc[nH+]c1CN[C@@H](c1ccccc1)C(C)C
",3.4451,3.4451000000000027
"Cc1c(C[NH+]2CCC[C@H]2c2ccc3c(c2)OCO3)cc(C#N)n1C
",1.8539,1.8539
"O=C(CBr)c1cnc2ccc(Cl)cn12
",2.5653,2.5653000000000006
"COc1ccc(F)cc1NC(=O)c1sccc1S(=O)(=O)N(C)C
",2.3984,2.3984000000000005
"COc1ccc(Br)cc1/C=C1/C(=O)NN(c2ccc(C)c(C)c2)C1=O
",3.53594,3.535940000000001
"CC(C)(C)c1ccc(C(=O)N[C@H]2CCN3CCCc4cccc2c43)cc1
",4.6115,4.611500000000004
"CC[NH+]1CCC[C@@]2(CC1)C[NH+]=C(N)N2c1ccc(C)cc1
",-0.96218,-0.9621799999999954
"CN(C)c1ccc(/C=C(/C#N)C(=O)c2cccc(C#N)c2)cc1
",3.41416,3.4141600000000016
"CCCC[C@@H](NC(N)=O)C(=O)Nc1cc(OC)ccc1F
",1.9999,1.9998999999999996
"COC1=CC2=NC(SCc3cc(-c4ccccc4)on3)=NC2=CC1
",4.2033,4.203300000000002
"Cc1ccc([C@@](C)(O)CNC(=O)NC[C@@H](c2ccco2)[NH+]2CCCCC2)o1
",1.4978200000000002,1.497819999999999
"C[C@@H](NC(=O)CSc1ccc2c(c1)OCCCO2)c1ccc2ccccc2c1
",4.9706,4.970600000000005
"CCN1CCN(S(=O)(=O)c2cc(-c3csc(C)n3)ccc2C)CC1
",2.75314,2.753140000000001
"Cc1nccn1Cc1ccc(NC(=O)c2cccc(-n3cccc3)c2)cc1
",4.28282,4.282820000000003
"Cc1cccc([S@@](=O)Cc2ccc(N)c(F)c2)c1
",3.02412,3.024120000000001
"CC(C)C[C@@H](C[NH3+])c1nc(C2CCOCC2)no1
",1.3352,1.3351999999999997
"CC1=NC(SCC(=O)Nc2ccccc2C(F)(F)F)=NC(=O)[C@H]1Cc1ccccc1
",4.5931,4.593100000000003
"Cc1ccc(F)cc1NC(=O)C(=O)NCCCn1cc[nH+]c1
",0.8947200000000001,0.8947199999999993
"COc1cccc(C[NH2+]Cc2cccc(Br)c2OC)c1OC
",2.7385,2.738500000000001
"Nc1cc(=O)[nH]c(SCC(=O)Nc2nc(-c3ccc(Br)cc3)cs2)n1
",2.9689,2.9689000000000005
"CCc1noc(CN(CC)C(=O)C(C)(C)NC(=O)c2cccs2)n1
",2.2506,2.2506000000000004
"CC(C)C[C@](C)(O)CNC(=O)CC[C@H](C)O
",1.0607,1.0606999999999998
"C=C[C@@H](C)NC(=O)c1c(C)cc(C)c([N+](=O)[O-])c1C
",2.82436,2.8243600000000013
"O=C(Nc1ccc(S(=O)(=O)NC[C@@H]2CCCO2)cc1)[C@H]1CC(=O)N(c2ccc(F)c(Cl)c2)C1
",2.928,2.928000000000001
"CC1(C)CCC[C@H]1N1C(=O)c2cccc(N)c2C1=O
",2.4435,2.4435000000000002
"CCCNC(=O)NC(=O)CN1C(=O)N[C@](Cc2ccccc2)(c2ccccc2)C1=O
",1.9122,1.9122
"O=C(COc1cc(Cl)c(Cl)cc1Cl)N1CCN(C(=O)Nc2ccccc2)CC1
",4.4019,4.401900000000004
"CCc1nc2n(n1)C[C@H]([NH2+]CCNS(=O)(=O)c1ccccc1)CC2
",-0.3028,-0.30279999999999796
"CCCCN(C(=O)c1oc2ccccc2c1C)c1c(N)n(CCC)c(=O)[nH]c1=O
",3.03032,3.0303200000000015
"CCCn1c(S[C@H](C(N)=O)c2ccccc2)nc2sc(CC)cc2c1=O
",3.7491,3.749100000000002
"COc1cccc(CCNC(=O)CN2CCN(c3ccccc3O)CC2)c1
",1.8817,1.881699999999999
"c1ccc2c(NCc3nnc(C4CCC4)o3)cccc2c1
",4.1024,4.102400000000003
"CC1=C(C(=O)C2=C([O-])C(=O)N(CC[NH+](C)C)[C@H]2c2cccc(Cl)c2)[C@H](C)N=N1
",0.6796,0.6796000000000013
"CCOc1ccc([C@@H]2Nc3ccc(C(=O)N(C)C)cc3[C@H]3C=CC[C@H]32)cc1
",4.6136,4.6136000000000035
"COc1ccc(Cc2sc(NC(=O)[C@H]3COc4ccccc4O3)nc2C)cc1
",3.82942,3.8294200000000025
"Cc1cnc2nc(C[C@H](O)C(F)(F)F)[nH]c2c1
",1.73202,1.73202
"CCN(CC(C)(C)O)C(=O)COCc1ccccc1Cl
",2.476,2.476
"O=C(Nc1cccc2ccccc12)NC1CC[NH+](CC(F)F)CC1
",2.2737,2.2737
"O=C1C(=O)N(CC[NH+]2CCOCC2)[C@@H](c2cccc([N+](=O)[O-])c2)/C1=C(\O)c1cccs1
",0.9931,0.9931000000000014
"CC[C@@H](C)N(CC)C(=O)c1ccccc1N
",2.5294,2.5294
"Cc1cc(C)c(C(=O)Cn2nc(N)n(Nc3cccs3)c2=S)c(C)c1
",3.74115,3.741150000000002
"C[C@H]1CN(C(=O)CC[C@H](C)c2ccccc2)C(C)(C)CO1
",3.5962,3.5962000000000023
"CN(C)c1nc2c(c(-c3ccc(S(C)(=O)=O)cc3)n1)CCCC2
",2.4919,2.4919000000000002
"CC(C)c1ccc(CNC(N)=[NH2+])cc1
",-0.0266,-0.02659999999999829
"CN(C)N1C(N)=C(C#N)[C@@H](c2cccs2)C2=C1CCCC2=O
",2.32488,2.3248800000000003
"O=C(N[C@H]1C=C[C@H](C(=O)[O-])C1)c1cc(F)c(Cl)cc1Cl
",1.5569,1.5569
"CC(C)n1nnnc1COc1cccc(C(=O)NC2CCCCCC2)c1
",3.2856,3.2856000000000023
"O=S(=O)(NCc1ccc(Cl)cc1Cl)c1ccccc1Br
",4.2344,4.234400000000002
"COC[C@H](NC(=O)c1cc(-c2ccccc2)c(C)[nH]c1=O)C(N)=O
",0.5804199999999999,0.5804200000000002
"O[C@H]1CCCCC[C@H]1n1cc(-c2ccccc2Cl)cn1
",4.0696,4.069600000000003
"CC1=C[C@@H](C)[C@H]2C(=O)N([C@H](Cc3ccccc3)C(=O)[O-])C(=O)[C@H]2C1
",0.9349,0.9348999999999998
"CCCCNS(=O)(=O)Cc1ccc([N+](=O)[O-])cc1
",1.8143,1.8143000000000002
"COc1ccc(CC[C@H]2C[C@@H](C(C)(C)C)CCC2=O)cc1
",4.6593,4.6593000000000035
"C[C@H]1CN(CC(=O)Nc2nc(-c3ccccc3Cl)cs2)CCO1
",3.1227,3.122700000000002
"Cc1cc(Cl)cc(Cl)c1CNC(=O)c1cccs1
",4.29332,4.293320000000001
"CC(C)(C)OC(=O)NC1CCN(CC(=O)c2nccs2)CC1
",2.3149,2.3149000000000006
"COc1ccc(C)cc1[C@@H](C)NC[C@@H]1CN(C2CC2)CCO1
",2.51742,2.5174200000000004
"CCOC(=O)c1ccn(-c2cccc(NC(=O)C3CCCC3)c2)n1
",3.1777,3.1777000000000015
"O=C1N(C[NH+]2CCN(c3ccccc3)CC2)c2ccccc2C12O[C@@H]1CCCC[C@H]1O2
",1.9066,1.9066
"CC(C)c1nc(C(=O)[O-])nn1-c1ccccc1F
",0.8933,0.8932999999999995
"C1=C[C@H]2C[C@@H]1C[C@H]2CN1CC[NH+](C2CCCCCC2)CC1
",2.1219,2.1218999999999997
"CC(C)C[C@H](C[NH+](C)C)Nc1ncncc1N
",0.0299,0.029900000000001925
"O=C1C=C(c2cccs2)C[C@H](c2cccs2)[C@@H]1n1cnc([N+](=O)[O-])n1
",3.6906,3.6906000000000025
"C[NH2+]C1CCC([NH+](C)CC(=O)N[C@H](C)c2ccco2)CC1
",-0.5241,-0.524099999999996
"CC(C)c1nc2n(n1)CCC[C@H]2[NH2+]C[C@@H]1CCC[C@H](C)C1
",2.6261,2.6261
"CCCOC(=O)c1ccc(NC(=O)c2ccc[n+]([O-])c2)cc1
",2.1391,2.1391
"CCOc1cc(CO)cc(Br)c1OCc1ccccc1F
",4.0582,4.058200000000002
"O=C(Cn1nnn(-c2cccs2)c1=O)NC[C@@H]1CN(Cc2ccccc2)CCO1
",0.5077,0.5077
"CC(C)[C@H](O)CCNC(=O)C(=O)Nc1ccn(-c2ncccc2Cl)n1
",1.3824,1.3823999999999994
"Cc1cccc(C(=O)NCCS(=O)(=O)NCC2CCC2)c1C
",1.7527400000000002,1.7527399999999997
"CCCC(=O)N1CCC(C(=O)NN=C(c2ccccc2)c2ccccc2)CC1
",3.5939,3.5939000000000023
"O=C(N[C@H](NC(=S)Nc1ccccc1)C(Cl)(Cl)Cl)c1cccc(Br)c1
",4.8618,4.8618000000000015
"CCN(Cc1ccccc1)C(=O)c1cc(NC(=O)Cc2ccccc2)n(C)n1
",3.2636,3.263600000000002
"CC(C)CC(=O)N1CCN(C(=O)c2cnc3c(c2)NC(=O)CO3)CC1
",0.743,0.7430000000000001
"O=C(Cc1csc(NC(=O)Nc2ccc(Cl)cc2)n1)NCCc1ccc(Cl)cc1
",4.9953,4.995300000000003
"Cc1ccc2c(c1)C[C@@H](C[C@@H](C[NH3+])c1ccc(F)cc1)O2
",2.8534200000000003,2.85342
"CC1=C(C(=O)OC(C)C)[C@@H](c2ccc(C)s2)NC(=O)N1C
",2.97822,2.978220000000001
"COc1cc(F)c([N+](=O)[O-])c(NC[C@@H](O)c2cnn(C)c2)c1
",1.6215,1.6214999999999997
"COc1ccc(C(=O)N2CCC([C@@]3(C)NC(=O)N(C4Cc5ccccc5C4)C3=O)CC2)cc1
",3.0253,3.0253000000000014
"CCc1cnc(NC(=O)c2cc(C)n(C(C)C)c2C)s1
",3.95704,3.9570400000000028
"COc1ccccc1-c1nc(C[NH+](C)Cc2ccc(C#N)cc2)cs1
",2.90528,2.905280000000001
"COc1ccc(-c2noc(-c3cc(-c4ccc(Cl)cc4)n[nH]3)n2)cc1OC
",4.4643,4.464300000000003
"CC[C@H](NC(=O)CN1C(=O)c2ccccc2N2C(=O)CC[C@]12C)c1ccc(C)cc1
",3.56132,3.561320000000002
"Cc1ccc(CNC(=O)NCc2ccnc(OC(C)(C)C)c2)cn1
",2.96172,2.9617200000000015
"CCN(CCO)C(=O)Nc1cccc(C(=O)Nc2cccc(C#N)c2)c1
",2.65668,2.6566800000000006
"Cc1cccc(-c2nn(C[NH+]3CCCCC3)c(=S)n2-c2ccccc2)c1
",3.40501,3.4050100000000016
"C[NH2+][C@@H](C1CCCC1)[C@@H]1CCc2cccnc21
",1.8634,1.8633999999999997
"Cc1ccc(-c2cccc(F)c2C(=O)[O-])c(C)c1
",2.47304,2.47304
"CN(C)C(=O)[C@@H](Sc1nnc2n(C)c3ccccc3n12)c1ccccc1
",3.1426,3.1426000000000016
"Cc1ccc(C(=O)NNC(=O)c2ccc(SC[C@H]3CCCO3)c([N+](=O)[O-])c2)cc1
",3.24912,3.2491200000000022
"CCCn1/c(=N/C(=O)[C@@H](CCSC)NC(N)=O)[nH]c2ccccc21
",1.5967,1.5967000000000002
"Cn1/c(=N/C(=O)c2sccc2S(=O)(=O)N2CCOCC2)sc2ccccc21
",2.0633,2.0633
"COc1ccccc1N1C[C@@H](C(=O)NN2C(=O)NC3(CCCCC3)C2=O)CC1=O
",1.334,1.3339999999999996
"COc1cc(OC)cc(C(=O)Nc2ccccc2C(=O)NC(C)(C)C)c1
",3.4844,3.4844000000000017
"C[C@H](Nc1nc(-c2ccncc2)nc2ccccc12)c1ccccn1
",4.2599,4.259900000000003
"CCOc1ccc(C[NH+]2CCC[C@H]([C@H](O)c3nccn3C)C2)cc1OC
",1.3559,1.3558999999999997
"O=C([O-])c1ccc([S@@](=O)Cc2ccc(O)cc2)cc1
",1.0635,1.0635000000000001
"CCc1nn(C)cc1CNC(=O)NCC(C)(C)Cc1ccccc1
",3.0506,3.050600000000002
"COC(=C(C#N)C#N)c1cccs1
",2.15276,2.1527600000000007
"O=C(NCc1ccnc(OCC(F)F)c1)NCc1cscn1
",2.1814,2.1814
"C[C@@H](C(=O)N1CCCC1)N1CCN(C(=O)NCc2ccco2)CC1
",1.1177,1.1177000000000001
"CC(C)c1ccc(CN(C)C(=O)NCCCn2cccn2)cc1
",3.2382,3.2382000000000017
"CNC(=O)[C@@H]1CCCN(C(=O)Nc2nn(-c3ccccc3Cl)cc2C)C1
",2.82402,2.824020000000001
"COc1ccccc1N1CC[NH+]([C@@H](C)C(=O)Nc2ccc(F)cc2)CC1
",1.5664,1.5663999999999993
"CN1C[NH+](C)CC2=C1NCNS2(=O)=O
",-2.9468,-2.946799999999997
"CNC(=O)c1ccc(O[C@@H]2CCC[C@H]([NH3+])C2)nn1
",-0.2319,-0.23189999999999994
"COc1ccc(C(=O)O[C@@H](C)[C@@H]2CCCO2)cc1OC(F)F
",3.0209,3.020900000000002
"Cc1ccc(/C=C2/SC(=S)N(CCC(=O)N3CCCc4ccccc43)C2=O)cc1
",4.56572,4.565720000000003
"CCc1cccc(S(=O)(=O)Nc2cccc(-c3nnnn3C)c2)c1
",2.2403,2.2403000000000004
"Cc1ccc2c(c1)CCN2C(=O)c1ccc(C)nc1C
",3.20976,3.209760000000002
"CCCNC(=O)CN1CCN(C(=O)Cc2c(C)nn(-c3ccccc3)c2C)CC1
",1.7020400000000002,1.7020400000000009
"Cc1ccc(C(=O)NC2CC[NH+](Cc3nc(-c4ccccc4)cs3)CC2)s1
",3.15732,3.1573200000000012
"CCOc1ccc(F)c(C(=O)OC[C@H]2CCCCO2)c1F
",3.0894,3.0894000000000013
"C[NH+]1CCC(NC(=O)c2ncoc2-c2ccccc2)CC1
",0.7485,0.7484999999999999
"O=C(NC[C@@H](O)CN1CCCC1=O)Nc1cccc(F)c1
",0.9305,0.9304999999999994
"CC[NH+]1CCC[C@H](NC(=O)c2ccc(OC)c(O)c2)C1
",0.1978,0.19780000000000025
"O=C(CSCC(F)(F)F)N1CCN(c2ccc(Cl)cn2)CC1
",2.6791,2.679100000000001
"COc1ccc(Cl)cc1S(=O)(=O)N[C@H](C)C(=O)NCc1ccc2c(c1)OCO2
",2.0605,2.0604999999999998
"Cn1cc(C(=O)Nc2ccc(-n3ccnn3)cc2)c(C(C)(C)C)n1
",2.5506,2.5506
"Cc1cccc(NC(=O)C[C@@H]2CCCCO2)c1C(=O)[O-]
",1.25622,1.2562199999999997
"Clc1ccc([C@H](NCCc2nnc3ccccn23)C2CC2)cc1Cl
",4.3195,4.319500000000003
"Clc1ccc(OCCCCSc2ncccn2)cc1Cl
",4.7347,4.734700000000003
"Cn1nnc2cc(C(=O)N[C@@H](C#N)c3ccc(Cl)c(Cl)c3)ccc21
",3.26978,3.269780000000001
"Cc1cc(C)cc(-c2nnc(Sc3nc(C(C)C)ns3)o2)c1
",4.47954,4.479540000000003
"C/C(=C/c1ccc(F)cc1)C(=O)NCc1cccc(OCC(F)F)n1
",3.5843,3.5843000000000016
"CC(C)Nc1cccc(CNC(=O)N[C@@H]2CC[NH+](CC3CC3)C2)c1
",1.3733,1.373300000000001
"O=C(COc1ccc(F)cc1F)NC[C@H](O)c1ccccc1Cl
",2.8468,2.846800000000001
"Cc1ccc(-n2nc3c(c2NC(=O)C(C)C)C[S@@](=O)C3)cc1
",2.53752,2.5375200000000007
"COc1nc(Oc2ccc3ccccc3c2)ccc1N
",3.6179,3.6179000000000014
"O=C(c1ccccc1)c1ccc2nc(Nc3ccccc3)c3nncn3c2c1
",4.2521,4.252100000000003
"O=C(C[C@@H](O)c1cccc(F)c1)Nc1cc(F)ccc1O
",2.7326,2.732600000000001
"CC(C)c1nc(CSCc2ccnn2C)no1
",2.3599,2.3599000000000006
"O=C(C1CCC1)N1CCC[C@H]1c1nc2cc(-c3ccccc3)ccc2o1
",4.9584,4.958400000000005
"O=C(CC[C@@H]1NC(=O)NC1=O)NC1CCN(c2ccccc2F)CC1
",0.8989,0.8989000000000003
"Cc1ccc(-n2nc3c(c2NC(=O)c2ccc(Br)o2)CSC3)cc1C
",4.84374,4.843740000000003
"C=CCn1c(SCc2nnc([S-])n2-c2ccccc2)nnc1-c1ccccc1
",3.9099,3.909900000000003
"c1nnn(C23C[C@H]4C[C@H](CC(c5nc6c7cn[nH]c7ncn6n5)(C4)C2)C3)n1
",1.2342,1.2341999999999995
"CCCn1ncnc1COc1ccc(C)nc1C[C@H](C)[NH3+]
",1.14342,1.1434199999999997
"CCSc1ccc(C(=O)N2CC[C@H](C)[C@H](O)C2)cn1
",2.0365,2.0365
"C[C@H]1[C@H](C(=O)[O-])CCN1S(=O)(=O)[C@@H](C)C#N
",-1.31142,-1.3114199999999978
"COc1ccccc1NC(=O)CSc1nnc(C)c(=O)n1N
",0.39992,0.39991999999999994
"Cc1ccc(S(=O)(=O)OCCc2coc3ccccc23)cc1
",3.68922,3.6892200000000024
"COc1ccccc1[C@@H](C)NC(=O)[C@@H](C)Oc1cccc(F)c1
",3.479,3.479000000000002
"CC[C@@H](Oc1ccccc1/C=C1\S/C(=N\c2cccc(O)c2)N(CC)C1=O)C(=O)[O-]
",2.9234,2.9234000000000018
"C[C@@H]([NH2+]C[C@H]1CC[C@H](C(N)=O)O1)c1ccc2c(c1)OCCCO2
",0.5052,0.5052000000000001
"Cc1ccccc1Nc1nc(N)nc(COc2ccc(F)c(Cl)c2)n1
",3.87732,3.877320000000002
"CC(=O)Nc1ccc(OC(=O)/C=C/c2ccc(C(N)=O)cc2)cc1
",2.3627,2.3627000000000002
"O=C([O-])c1ccc(-c2ccncc2)cn1
",0.5071,0.5070999999999998
"O[C@H](c1c(F)c(F)c(F)c(F)c1F)C(Cl)(Cl)Cl
",3.7857,3.7856999999999994
"COc1ccc(/C=N/NC(=O)CNc2ccc3ccccc3c2)cc1OC
",3.4192,3.419200000000002
"Cc1ccc(NC(=O)/C(C#N)=C/c2cc(C)n(-c3ccc(O)cc3)c2C)cc1Cl
",5.30724,5.307240000000005
"Cc1cccn2c(=O)c(C(=O)N[C@H]3CCN(C(=O)C(C)C)C3)cnc12
",0.98962,0.9896199999999997
"O=C(NCCCS(=O)(=O)c1ccccc1)c1n[nH]c2ccccc12
",2.1567,2.1567
"C1=C(CC[NH2+]Cc2ccco2)CCCC1
",2.2335,2.2335000000000003
"CCN(CC(=O)NCc1ccc(F)cc1)C(=O)c1cnc(-c2cccnc2)s1
",3.1227,3.122700000000002
"FC(F)(F)c1cccc2c1CCCC2
",3.5842,3.584200000000002
"CN(C)C(=O)CCCNC(=O)c1ccnc(OC(C)(C)C)c1
",1.8571,1.8570999999999989
"Cc1ccc(NC(=O)[C@H](C)[NH+](C)Cc2nnc(C3CC3)n2C)c(C)c1
",1.35124,1.3512399999999998
"CN(C)c1cccc(C(=O)OCC(=O)C(C)(C)C)c1
",2.5246,2.5246000000000004
"Cc1nsnc1Cn1nnc(C(=O)NC(C)C)c1C
",0.93294,0.9329399999999997
"CC(=O)Cc1nsc(N[C@@H](C)c2ccccc2)n1
",2.8427,2.8427000000000007
"COc1ccc(CNC(=O)[C@H]2Oc3ccccc3O[C@@H]2C)cn1
",1.9349,1.9348999999999998
"[NH3+]CC1CCC(c2nc3ccc(Cl)cc3s2)CC1
",3.4654,3.4654000000000025
"CCN(C(=O)NC1CC[NH+](C[C@@H](O)COC)CC1)C1CCCC1
",0.0151,0.015100000000002778
"CCSc1nc2ccccc2c(=O)n1CCc1ccccc1
",3.7512,3.7512000000000025
"Cc1cc(C(=O)COC(=O)c2cc(Cl)c3c(c2)OCCCO3)c(C)n1C1CC1
",4.29424,4.294240000000003
"COc1ccc([C@@H](CNC(=O)c2ccc([N+](=O)[O-])o2)[NH+](C)C)cc1
",0.812,0.8119999999999998
"CC[C@H](NC(=O)c1ccc(C#N)cn1)C(=O)N1CCOCC1
",0.32048,0.3204799999999999
"CCOC(=O)NC(=O)c1c(NC(=O)Cc2ccc(F)cc2)sc2c1CC[C@H](C)C2
",4.0795,4.079500000000004
"CC(C)n1cnnc1SCC(=O)Nc1ccc2c(c1)nc(C1CC1)n2C
",3.3539,3.353900000000002
"CCc1ccc([C@H](O)C2(C[NH3+])CCCC2)cc1
",2.0847,2.0846999999999998
"COc1ccc(CNC(=O)N2CCc3c([nH]c4ccccc34)[C@H]2C)cc1OC
",4.013999999999999,4.014000000000003
"COc1ccc([C@@H]2C(C#N)=C(N)Oc3cc(C)n(CCN4CCOCC4)c(=O)c32)cc1OC
",1.7243,1.7242999999999997
"O=c1[nH]nc([O-])n1/N=C/c1ccco1
",-0.8798,-0.8797999999999997
"C[C@H](Oc1cccc(Cl)c1)C(=O)N1CCC(Cc2ccccc2)CC1
",4.5886,4.588600000000004
"COc1cc([C@@H]2C(C(=O)Nc3ccc(F)cc3)=C(C)Nc3nc(C)nn32)cc(OC)c1OC
",3.67902,3.6790200000000013
"CC[C@@H](C)[C@@H](O)C[NH2+][C@@H](c1cccs1)C1CC1
",2.1696,2.1696
"CSc1cc(-c2cccs2)oc(=O)c1C#N
",2.96188,2.9618800000000016
"CC(C)[C@@H](NC(=O)c1ccc(NS(C)(=O)=O)cc1)C(=O)[O-]
",-0.4376,-0.4375999999999993
"[NH3+][C@H](CO)c1ccc(N2CCOCC2)c(Cl)c1Cl
",1.1053,1.1053000000000004
"CCCn1cc(NC(=O)c2cc3nc(-c4ccccc4)cc(-c4ccccc4)n3n2)cn1
",4.9221,4.922100000000005
"Cc1ccc(S(=O)(=O)N2CCC(C(=O)N3CCCc4ccccc43)CC2)cc1C
",3.68354,3.6835400000000025
"C=CCN(CC=C)C(=O)C1CCN(C(=O)C(C)(C)C)CC1
",2.4717,2.4717000000000002
"Cc1nc(CSc2nncc3ccccc23)nc2ccccc12
",4.173719999999999,4.173720000000002
"C[C@H]1CCCC[NH+]1C[C@@H]1CCC(C)(C)[C@@H]1[NH3+]
",0.4904,0.49040000000000167
"COc1cc(C(=O)Nc2ccccc2Oc2ccccc2)on1
",3.7278,3.727800000000002
"COc1ccc(S(=O)(=O)N2CCOCC2)cc1NC(=O)/C=C/c1ccc(F)c(Cl)c1
",3.1605,3.1605000000000016
"Cc1ccc(F)c(C[NH+]2CCC(C(=O)NC(C)C)CC2)c1
",1.45362,1.4536199999999992
"CCn1nc(C)c(CNC(=O)[C@H]2[NH+]=c3ccccc3=C2NC(=O)c2cccc(C)c2)c1C
",-0.23474,-0.23473999999999617
"COc1ccc(C(=O)N2CCC[C@H](C(=O)Nc3cc(Cl)ccc3F)C2)c2ccccc12
",5.1318,5.131800000000005
"CCc1ccc(/C=C(\C#N)C(N)=O)s1
",1.70278,1.70278
"COc1cccc(N2C(=O)Nc3ccccc3[C@]2(O)C(=O)NCc2ccccc2)c1
",3.2088,3.208800000000001
"COC(=O)c1sccc1NC(=O)[C@@H]1CC[NH2+][C@@H]1C
",0.445,0.44499999999999995
"C/[NH+]=C(/NCc1ccc([N+]2=CCCC2)cc1)N[C@H]1CC[C@@H](SC)C1
",1.2249,1.2249000000000008
"N#Cc1csc(C(=O)N2CC[C@H]3CCCC[C@@H]32)c1
",3.02448,3.0244800000000014
"Cc1cccc(NC(=O)[C@H](C)[S@@](=O)Cc2ccc(F)c(F)c2)c1C
",3.85754,3.857540000000003
"CNS(=O)(=O)c1cccc([C@H](C)NC(=O)c2ccc(Cn3cccn3)cc2)c1
",2.3305,2.3305
"CC[NH2+][C@@]1(C(=O)OC)CCC[C@@H](Oc2ccccc2)C1
",1.5031,1.5030999999999994
"COCCCn1c(C)c(C)c(C#N)c1NC(=O)C[NH+]1CC(C)(C)C1(C)C
",1.6549200000000002,1.6549200000000008
"C[C@H]1CCC[C@@H](C)N1C(=O)[C@H]1C[C@H]1c1ccccc1Cl
",4.2330000000000005,4.233000000000004
"COCc1ccc(C[NH+](C)Cc2ccccc2O)o1
",1.3465,1.3464999999999996
"Cc1c(F)cc(N)cc1S(=O)(=O)NCC(N)=O
",-0.52008,-0.5200799999999992
"CCNS(=O)(=O)[C@@H]1CC[NH+](C[C@@H]2CCCc3ccccc32)C1
",0.703,0.7030000000000012
"CC1(C)[C@@H]2CC[C@@]1(CS(=O)(=O)NCCCO)C(=O)C2
",0.6836,0.6836
"COc1ccc(-n2ccc(CNC(=O)c3cc(Cl)ccc3[N+](=O)[O-])n2)cc1
",3.3725,3.3725000000000014
"CC[C@@H](NC(=O)NC1CCC(C(=O)OC(C)(C)C)CC1)[C@H]1CCCO1
",3.1437,3.143700000000001
"CN(CC[NH+](C)C)C(=O)C[C@H]1COCCN1C(=O)c1ccc2[nH]nnc2c1
",-1.2081,-1.2080999999999957
"CC[C@H](c1ccc(F)cc1)N(C)C(=O)Cn1nnc(-c2ccccc2)n1
",3.0889,3.0889000000000015
"O=C(Cn1cccc1-c1nc(-c2ccc(OC(F)(F)F)cc2)no1)Nc1nccs1
",4.1989,4.198900000000001
"CCc1nsc(Nc2ccc(CC(=O)N3CC[NH+](CC)CC3)cc2)n1
",1.1336,1.1336
"CS[C@@H]1CC[C@H](NC(=O)/C=C(/C)c2ccccc2)C1
",3.4902,3.4902000000000024
"Cc1ccc([N+](=O)[O-])cc1NCC(=O)N[C@](C)(C#N)C1CC1
",2.1236,2.1235999999999997
"CC1(C)[C@H]2OCC[C@@H]2[C@H]1NC(=O)CCNC(=O)C12CC3CC(CC(C3)C1)C2
",2.6388,2.6388000000000007
"c1ccc(COC2CC[NH+](Cc3cccnc3)CC2)cc1
",1.8457,1.845699999999999
"O=C(C1CCCC1)N1CCC[C@@H]([NH+]2CCC(CO)CC2)C1
",0.4548,0.4548000000000017
"COC(=O)CNC(=O)c1sc2ncn(CC(=O)N3CCCCC3)c(=O)c2c1C
",0.68172,0.6817199999999992
"CC(C)CCNC(=O)[C@@H](C)Oc1ccc(N)cc1C(=O)[O-]
",0.5619,0.5619000000000006
"CCN(CC)C(=O)[C@@H]1C[C@@H]([NH3+])CN1C(=O)Cc1cccc(O)c1
",0.0145,0.014500000000002677
"COc1ccc(F)cc1NC(=O)N1CCO[C@H](c2ccc(C)o2)C1
",3.34112,3.341120000000002
"COc1ccc(-c2nnc(SCC(=O)c3ccc(Br)cc3)o2)cc1OC
",4.4913,4.491300000000003
"CC(C)=CC(=O)NCCC1CCN(c2cc[nH+]cc2)CC1
",2.1896,2.1895999999999995
"C[C@]1(O)[C@](C)(O)[C@@H](CO)O[C@](C)(Oc2c[nH]c3ccc(Br)c(Cl)c23)[C@]1(C)O
",2.3229,2.3229
"O=C(CCCc1nc(-c2cccnc2)no1)N1CCC[C@@H](Cc2ccccc2)C1
",3.9356,3.9356000000000035
"Cn1nc(NC(=O)c2cccc(F)c2)c2c1NC(=O)C[C@@H]2c1ccccc1
",3.2856,3.2856000000000014
"O=C(CSc1ccncc1)NCCN1Cc2ccccc2O[C@@H](c2ccccc2)C1
",3.9258,3.9258000000000033
"N#Cc1ccc(OCCn2cc(Cl)cn2)cc1
",2.48718,2.4871800000000004
"C[C@@H]1CCN(C(=O)Nc2ccc(O[C@@H]3CCOC3)cc2)[C@H](C)C1
",3.5066,3.5066000000000024
"CC[C@H](C)[C@H](C)[NH2+]Cc1ncccc1F
",1.7187,1.7186999999999997
"C#CC(C)(C)NC(=O)c1ccc(OC)c(O)c1
",1.5424,1.5424
"COc1cc([N+](=O)[O-])ccc1OCc1nc(-c2cccs2)no1
",3.2939,3.2939000000000016
"CC1CCN(C(=O)C[NH+]2CCC[C@@H](c3nc4ccccc4o3)C2)CC1
",1.8486,1.8486
"C[C@H]1CCC[C@H](NC(=O)Cc2c[nH]c3ccccc23)[C@@H]1C
",3.6513,3.6513000000000018
"Cn1nc(CNC(=O)Nc2ccccc2C(F)(F)F)cc1-c1ccncc1
",3.8226,3.822600000000002
"CC[NH2+]C[C@H](Cc1cscn1)c1cccc(F)c1
",2.1918,2.1917999999999997
"CCCCS(=O)(=O)N1CCN(c2ccc(-n3ccnc3C)nn2)CC1
",1.22262,1.22262
"O=C(c1cc2ccccc2o1)N(C[C@H]1CCCO1)c1nc2c(F)cccc2s1
",5.0074,5.007400000000003
"C[C@H](CC#N)Sc1ccccc1NC(=O)c1ccc(Cl)nc1Cl
",5.03498,5.034980000000002
"O=C(CCCc1nc2ccccc2s1)N[C@H]1CCOC1=O
",2.0507,2.0507
"COC(=O)c1cc(S(=O)(=O)N[C@H](C)c2ccccc2C)cn1C
",2.15962,2.1596200000000003
"Cc1cnn(CC(=O)[C@@H](C#N)c2nc([O-])c3ccc(Cl)cc3n2)c1
",1.7382,1.7381999999999997
"COc1ccc(C)cc1NC(=O)[C@H]1CCCN1c1cc(C)ccc1[N+](=O)[O-]
",3.82774,3.827740000000002
"CC[NH+]1CCC2(CC1)OC[C@H](C(=O)[O-])N2C(=O)c1ccc(F)cc1
",-1.1885,-1.1884999999999957
"Cc1ccc2c(c1)N(C(=O)C[C@H](O)c1ccc(Cl)cc1)CC2
",3.66122,3.661220000000003
"O=c1[nH]cnc2c1[nH]c(=S)n2[C@@H]1O[C@H](CO)[C@@H](O)[C@H]1O
",-1.60631,-1.6063100000000008
"Cc1cn2c([nH+]1)CC[C@H](NC(=O)C[C@@H]1CCCc3ccccc31)C2
",2.55182,2.55182
"CC(=O)c1cc(CN2CCC3=NN=C(c4ccccc4F)[C@@H]3C2)cs1
",3.7706,3.7706000000000035
"C[C@H](Nc1ccc(S(=O)(=O)N2CCCCC2)cn1)[C@@H](C)CO
",1.685,1.6849999999999996
"COCCn1nc(C)c(NC(=O)N2CCC[C@H]2c2cccc(C)c2)c1C
",3.82376,3.8237600000000027
"CCCCS(=O)(=O)[N-]c1ccc(NC(=O)[C@H]2CCC[NH+](C)C2)cc1
",1.6849,1.6848999999999996
"Fc1ccc(Oc2ccnc(Sc3nnc(-c4cccs4)o3)n2)cc1
",4.6707,4.670700000000002
"N#Cc1ccc(NC(=O)[C@@H]2CSCN2C(=O)c2cn(Cc3ccccc3)c3ccccc23)cc1
",4.71508,4.715080000000004
"CC[C@@H](C)n1nccc1NC(=O)C(=O)N1CCc2cc(F)ccc2C1
",2.5166,2.5166000000000004
"Cc1ccc(-c2cnc(CCC(=O)N(C)C3CCOCC3)o2)cc1
",3.22002,3.2200200000000017
"C[C@H](CNC(=O)c1ccc(-c2ccccc2)[nH]c1=O)Oc1ccc(F)cc1
",3.3783,3.378300000000002
"CCOC(=O)c1c(NC(=O)[C@H]2CCCN2S(C)(=O)=O)sc2ccccc12
",2.4405,2.440500000000001
"Cc1ccc(C(=O)Cc2cccc(O)c2)cc1
",3.12602,3.1260200000000014
"Cc1ccccc1-c1nn(CN2CCCc3ccc(S(C)(=O)=O)cc32)c(=S)o1
",3.99481,3.994810000000003
"CCOc1cccc([C@H](C)NC[C@@](C)(O)c2ccc(F)cc2F)c1
",3.9218,3.921800000000003
"CC[C@@H]1CCCCCN1C(=O)c1cnc2sc(C)cn2c1=O
",2.85922,2.8592200000000014
"N#Cc1ccc(OCC(=O)NCc2cccc(CO)c2)cc1
",1.74578,1.7457799999999999
"O=C(Nc1ccccc1)NC1CCN(C(=O)[C@H]2CCCC[C@H]2C(F)(F)F)CC1
",4.1678,4.167800000000004
"CC1(C)CCC(O)(C[NH2+][C@@H]2CCOC3(CCC3)C2)CC1
",1.9828,1.9827999999999995
"[NH3+][C@H]1CCC[C@H]1CCN1C(=O)c2cccc3cccc1c23
",2.6007,2.6007
"C#CCN(Cc1cc(Br)cc(OC)c1O)[C@@H]1CCS(=O)(=O)C1
",1.7856,1.7856000000000003
"Cc1ccc(-c2nc3nc(CN4CC[NH+](C)CC4)cc([O-])n3n2)cc1
",-0.49638,-0.49637999999999827
"C[C@@](O)(CNC(=O)C1CCCC1)c1cccs1
",2.262,2.2619999999999996
"O[C@H](CSc1nnc(-c2c[nH]c3ccccc23)n1C1CC1)CN1CCOCC1
",2.5465,2.546500000000001
"C[C@@H]1CCC/C(=N/[NH+]=C(/[S-])NCc2ccccc2)C1
",1.3258,1.3258000000000005
"O=C(c1cc2ccc(Cl)cc2[nH]1)N1CCC[C@@H]1Cn1nnc(-c2cccs2)n1
",3.8411,3.8411000000000017
"COc1ccc(S(=O)(=O)Oc2ccc(C(C)=O)cc2OC)cc1
",2.6741,2.674100000000001
"CC(C)c1ccccc1NC(=O)C[NH+](C(C)C)[C@@H]1CCCC[C@@H]1O
",2.3453,2.3453000000000004
"O=Cc1ccn(-c2ccc(Br)cc2)c1
",3.0523,3.0523000000000016
"O=C(C1CC1)N1CCC[C@H](Cn2cc[nH+]c2-c2cc3n(n2)CC[NH2+]C3)C1
",-0.1087,-0.1086999999999978
"O=C(CCNc1ccccc1[N+](=O)[O-])N1CCC[C@@H]([NH+]2CCCC2)C1
",1.0665,1.0665
"Cc1ccc2c(c1)-c1onc(C(=O)N3C[C@@H](C)C[C@H](C)C3)c1CO2
",3.66052,3.6605200000000018
"O=C(COC(=O)c1ccc(Cl)nc1)NC(=O)Nc1ccc2c(c1)OCCO2
",2.0113,2.0112999999999994
"CCC[C@@H]1C[C@H]1NC(=O)C1(c2ccc(F)cc2F)CCOCC1
",3.3178,3.317800000000002
"CCOC(=O)C1CCC(NC(=O)[C@@](C)([NH3+])CC)CC1
",0.6351,0.6351000000000007
"CC[C@@H](O)C(=O)NCc1cccnc1Oc1ccccc1OC
",2.2696,2.2695999999999996
"C[C@@H](Sc1nnc(-c2cccs2)n1-c1ccccc1)C(=O)N1CC(=O)Nc2ccccc21
",4.4617,4.461700000000004
"Cc1cc(F)ccc1NC(=O)COc1ccc2c(c1)CCC2
",3.64032,3.6403200000000018
"C[C@H](NC(=O)NCCC[S@](C)=O)c1ccc(Cl)s1
",2.5303,2.5303000000000013
"O=C(Cn1c(=O)c(=O)n(Cc2ccncc2)c2ncccc21)NCCc1ccccc1
",1.3604,1.3603999999999992
"CS(=O)(=O)c1ccc(C(=O)Nc2ccc(F)c(F)c2F)cc1
",2.7597,2.7597000000000005
"CCCCOc1ccccc1/C=C1\SC(N2CCC(C)CC2)=NC1=O
",4.5677,4.567700000000004
"CC(C)[C@@H](CNC(=O)N1CCc2ccc(Cl)cc2C1)c1cccnc1
",4.2425,4.242500000000003
"CCCOc1ncnc(Nc2cc(Cl)cc(Cl)c2)c1N
",3.898,3.8980000000000024
"CC(=O)Nc1ccc(NC(=O)c2nnn(-c3ccc(C)c(C)c3)c2C)cc1
",3.40326,3.403260000000002
"CCOC1CC[NH+](CC[C@@H](O)c2ccc(C)c(F)c2)CC1
",1.64142,1.6414200000000003
"IC[C@@H]1Cn2c(nnc2-c2ccncc2)S1
",2.2494,2.2494000000000005
"CCOc1ccc([C@H]2CCCN2C(=O)c2[nH]c(C)c(C(C)=O)c2C)cc1
",4.21014,4.2101400000000035
"CC(C)CONc1ncnc2sc3c(c12)CCC3
",3.1795,3.179500000000001
"CC(C)[C@@H](ON1C(=O)c2ccccc2C1=O)C(=O)[O-]
",-0.0113,-0.011300000000000088
"COC[C@H](O)C[NH+]1CCC(C)(C)C1
",-0.6915,-0.6914999999999984
"COC(=O)[C@@H](c1ccccc1Cl)N1CCCSCC1
",2.9930000000000003,2.993000000000001
"O=C(Nc1nc2ccc(F)cc2s1)c1cc(-c2ccccc2O)[nH]n1
",3.7834,3.7834000000000017
"C/C(=N\Nc1ncnc2sc(C)c(C)c12)c1cccc(OC(F)F)c1
",4.74564,4.7456400000000025
"CC(C)CN1CCO[C@@H](CNC(=O)/C=C/c2ccnc(Cl)c2)C1
",2.2212,2.2211999999999996
"Cc1cc(F)ccc1CCNC(=O)Cc1c[nH]c2c(C)cccc12
",3.82524,3.8252400000000017
"NC(=O)[C@@H]1CCCN(C(=O)Cn2nc(-c3cccs3)oc2=O)C1
",0.2887,0.2886999999999995
"CCCCCn1c(SCC(=O)[O-])nc2ccccc2c1=O
",1.4287,1.4286999999999999
"Cc1ccc2nc(NC(=O)c3ccc(OCc4nc(-c5ccco5)cs4)cc3)sc2c1
",6.15252,6.1525200000000035
"COc1ccccc1N1CCN(c2ccc(=O)n(CC(=O)NC3CC3)n2)CC1
",0.8571,0.8570999999999995
"C/C(=C/C(=O)N[C@@H](C)c1c(C)noc1C)c1ccccc1OC(F)F
",4.17354,4.173540000000003
"COCCn1nc(C)c(NC(=O)N2CC[C@H](Cc3ccccc3)C2)c1C
",3.24284,3.242840000000002
"Cc1ccsc1C[NH+](Cc1nc2ccccc2n1C(C)C)C[C@H](C)O
",2.95302,2.9530200000000018
"Cc1cccc(CNC(=O)C[C@H]2Oc3ccc(C)cc3NC2=O)c1
",2.7094400000000003,2.7094400000000007
"C[C@@H](c1ccc([S@](C)=O)cc1)N(C)C(=O)c1cc2cccc(F)c2o1
",4.1425,4.142500000000004
"COc1cc(OC)c(C(C)=O)cc1CSc1nnnn1-c1ccccc1
",3.1744,3.174400000000002
"Cc1sc(=O)n(CCC(=O)NC2CC(C)(C)[NH2+]C(C)(C)C2)c1C
",1.31594,1.3159399999999999
"CC[C@@H]1CCCCN1C(=S)NC(=O)c1ccc(C)cc1
",3.27422,3.2742200000000015
"CCC[C@H](C)C(=O)N[C@H](C)c1cccc(Br)c1
",4.0625,4.0625000000000036
"COc1cccc([C@H]2CCCN2C(=O)c2ccccc2I)c1
",4.2771,4.2771000000000035
"C[C@H](NC(=O)N1CCCC[C@@H]1C1OCCO1)c1cccc(-n2ccnc2)c1
",2.8703,2.870300000000001
"CS(=O)(=O)N1CCC[C@@H](C[NH+]2CCC[C@H](CO)C2)C1
",-1.0548,-1.0547999999999966
"CCN(C(=O)Cn1nc2n(c1=O)CCCCC2)[C@H]1CCS(=O)(=O)C1
",-0.1932,-0.19319999999999893
"COc1ccccc1NC[C@H]1CCCN(S(C)(=O)=O)C1
",1.7787,1.7787
"COc1cc([C@@H]2CC(=O)Nc3c2cnn3Cc2cccnc2)cc2c1OCO2
",2.5378,2.5378000000000007
"O=C(CNc1ccc(Cl)cc1NC(=O)c1ccco1)Nc1ccc(F)c(Cl)c1
",5.0284,5.028400000000002
"Cc1nn(C)cc1[C@@H](C)NC(=O)C(=O)Nc1ccc(OCC2CCCCC2)cc1
",3.5035199999999995,3.5035200000000017
"CC(C)(C)[S@](=O)CCNC(=O)c1cccc(F)c1Cl
",2.7561,2.756100000000001
"C[C@@H](O)c1ccc(F)cc1OCc1nc(C(C)(C)C)cs1
",4.212,4.212000000000003
"COC[C@H](NC(=O)Nc1cn[nH]c1)c1ccc(F)c(F)c1
",2.1971,2.1971
"C[C@@H]1CS(=O)(=O)N(c2ccc(S(=O)(=O)Nc3ccccc3C(F)(F)F)cc2)C1=O
",2.8187,2.8187000000000015
"CC(C)c1ccc2c(c1)[C@]1(CC(O)=Nc3c1cnn3Cc1ccccc1Cl)C(=O)N2C
",4.9624,4.962400000000005
"CC[C@@H](C)C(=O)NCC(=O)N(C)[C@@H](C)c1cc(F)ccc1F
",2.6465,2.6465000000000014
"CO/N=C\C(C#N)=C/c1cccnc1
",1.62078,1.62078
"CO[C@H](c1ccc(Cl)cc1)[C@@H](C)NC(=O)C(=O)Nc1ccccc1C
",3.4793199999999995,3.4793200000000013
"CC(C)CNC(=O)[C@](C)(N)C(F)(F)F
",1.0383,1.0383
"C[C@@H](C(=O)C1=c2ccccc2=[NH+]C1)[NH+]1CCC[C@@H]1[C@@H]1CC=CS1
",-1.4248,-1.424799999999996
"Cc1nc(Br)ccc1NC(=O)NCc1cnn(C)c1
",2.20772,2.20772
"COc1c(C)cnc(CNC(=O)Nc2ccc(N(C)C)cc2)c1C
",3.0947400000000003,3.0947400000000016
"COc1ccc2cc(COC(=O)COc3ccccc3C#N)ccc2c1
",3.84228,3.8422800000000024
"CCS(=O)(=O)CCN(C)Cc1c[nH]nc1-c1ccc(C)cc1
",2.25162,2.251620000000001
"COc1ccc([C@@](C)([NH3+])Cc2[nH+]ccn2C)cc1
",0.5476,0.5476000000000005
"C[C@H]1CCN(C(=O)NCCc2nnc3n2CCCCC3)[C@@H](C)C1
",2.377,2.377
"O=C(NC[C@@H]1CCC[NH+](Cc2ccccc2F)C1)c1nc[nH]n1
",0.1687,0.16870000000000057
"O=C1CC[C@@H](NC(=O)COc2ccc(Cl)c(Cl)c2)CN1
",1.767,1.7669999999999997
"Cc1noc(C)c1COc1ccc(C[NH2+]C[C@H]2CCCO2)cc1
",2.1128400000000003,2.1128399999999994
"N#Cc1cnn2c1N[C@@H](c1ccccc1)C[C@@H]2C(F)F
",3.11788,3.1178800000000013
"C[C@@H]1Cc2ccccc2N1C(=O)[C@H]1CCCN(C(=O)NC2CC2)C1
",2.5482,2.5482000000000005
"COCc1nc(C(=O)OCC2=CC[C@H]3C[C@@H]2C3(C)C)cs1
",3.4387,3.4387000000000025
"CCN(Cc1ccc(Br)s1)C(=O)C[NH+](C)CC(=O)[O-]
",-0.8763,-0.8762999999999987
"O=C([O-])[C@H]1CCCN(c2ccc([O-])nn2)C1
",-1.4835,-1.4834999999999996
"COc1ccc(CCCC(=O)Nc2cccc(S(N)(=O)=O)c2)cc1F
",2.4431,2.4431000000000003
"Fc1ccccc1[C@@H](c1nnnn1C1CCCCC1)[NH+]1CCN(c2ccccc2)CC1
",2.8119,2.8119000000000014
"O=C(C/C(=N\Nc1nc(-c2ccccc2)cs1)c1ccccc1)C(F)(F)F
",5.1478,5.147800000000002
"C[C@H]([NH2+]CC(=O)N(C)C)c1ccc(Cl)s1
",1.1141,1.1141
"CCOC(=O)COc1ccccc1/C=C1/C(=O)NC(=O)N(c2ccc3c(c2)OCO3)C1=O
",2.0236,2.0236
"Cc1cc(C(=O)NNC(=O)c2cccc3ccccc23)c(C)o1
",3.1244400000000003,3.1244400000000017
"COc1ccc(-c2csc(NC(=O)Nc3ccc(F)cc3)n2)cc1OC
",4.6104,4.610400000000003
"Cc1ccc(C)c(S(=O)(=O)N2CCN([C@H](C)c3nc(N)nc(Nc4ccccc4)n3)CC2)c1
",2.88174,2.8817400000000015
"Cc1cccc(C)c1-n1nnnc1CSCc1nnc(C)n1C
",2.14946,2.1494600000000004
"COc1cccc(C(=O)N[C@@](C)(C(N)=O)c2cccc(Cl)c2)c1
",2.4791,2.4791
"C[C@H](CCO)[NH2+][C@H]1CCc2c(Br)cccc21
",1.7707,1.7706999999999997
"CCc1ccsc1-c1cnc(C[NH3+])o1
",1.7074,1.7073999999999998
"NC(=O)C1(N2CCCC2)CC[NH2+]CC1
",-1.3365,-1.3364999999999982
"CC(C)C[C@@H]([NH3+])C(=O)N1CC[C@H](C(=O)[O-])[C@@H]1C
",-1.3701,-1.3700999999999977
"CC[C@H](C)Cn1c(CCCl)nc2c(C)nn(C)c21
",2.90562,2.9056200000000016
"Cc1csc([C@H](C)NC(=O)CCC[NH+]2CCCCC2)n1
",1.47772,1.4777199999999997
"CCC(=O)NN/C(C)=C/C(=O)NCC(C)(C)C
",1.0833,1.0832999999999995
"CCC(=O)N1CCC([NH+](C)Cc2ccc(SC)c(OC)c2)CC1
",1.8328,1.8327999999999998
"Clc1ccc(CNc2ncccc2Cl)cn1
",3.3955,3.395500000000001
"C[C@H](c1nc(C(C)(C)C)no1)[S@](=O)Cc1ncn(-c2ccccc2)n1
",2.9577,2.9577000000000018
"Cn1cnn(C[NH+](Cc2ccc(F)cc2)C2CC2)c1=S
",1.29519,1.29519
"C#CC(C)(C)NC[C@H]1CN(C)CCO1
",0.3184,0.3184
"C[C@H](NC(=O)[C@H]1CCCN1S(C)(=O)=O)c1ccc2c(c1)OCO2
",1.0165,1.0165
"O=C(Nc1ccc2ncccc2c1)C(=O)NC1CCC(O)CC1
",1.5930000000000002,1.5929999999999997
"CC(C)[C@H]([NH2+]CC1CCN(C(=O)OC(C)(C)C)CC1)c1cccnc1
",2.9892,2.9892000000000003
"CCC[C@H](C)NC(=O)C[NH2+]Cc1cscc1C
",1.42472,1.42472
"CS(=O)(=O)N1CCC(C(=O)Nc2sc3c(c2C#N)CCCC3)CC1
",2.10868,2.10868
"O=C(CN(C(=O)Cn1nnc2ccccc21)c1ccccc1)NC[C@H]1CCCO1
",1.7597,1.7596999999999994
"O=C(Nc1cccc(N2CCCNC2=O)c1)C(=O)N1CCc2cc(F)ccc2C1
",2.2688,2.2688000000000006
"C[C@@H]1CC[NH+](CCCN2C(=O)CNC2=O)C[C@@H]1O
",-1.7861,-1.786099999999997
"O=C(COc1ccc(Br)cc1)NOCc1ccccc1
",3.0759,3.0759000000000007
"CC(=O)C[C@]1(O)C(=O)N(Cc2ccc(C)cc2)c2c(C)cccc21
",3.01694,3.016940000000001
"C[C@H](OC(=O)c1ccc2ccccc2n1)C(=O)NCC1CCCCC1
",3.4766,3.476600000000002
"C[C@@H](Sc1cc(Cl)ccc1Cl)C(=O)N1CCC[C@H](CCC(N)=O)C1
",3.9781,3.978100000000003
"COc1cc(-c2ccno2)ccc1S(=O)(=O)NCc1ccco1
",2.4217,2.4217000000000004
"CCC[C@@H](CC)Nc1c(F)c(F)nc(F)c1F
",3.6286,3.6286000000000023
"Oc1cccc([C@@H]2CN(c3nccc(Oc4ccc(F)cc4)n3)CCO2)c1
",3.6915,3.6915000000000022
"COc1ccc([C@H](CNC(=O)c2cccc3ccccc23)[NH+]2CCCC2)cc1
",2.9982,2.9982000000000015
"CC1(C)[C@@H]2CC[C@@]1(C)[C@H](NC(=O)COc1ccc(C3SCCCS3)cc1)C2
",5.2651,5.265100000000005
"Cc1c(C)n(-c2ccccc2)c2nc(C(=O)Nc3ccc(F)cc3)nc(N3CCCCC3)c12
",5.41904,5.419040000000004
"CC(C)C(=O)Nc1cccc(NC(=O)C(=O)NCC[C@H]2C[C@H]3CC[C@@H]2C3)c1
",3.1621,3.1621000000000015
"COc1ccc(CNC(=O)c2cc(N3C(=O)C(C)(C)CS3(=O)=O)ccc2Cl)cc1OC
",2.9898,2.9898000000000016
"CC(=O)Nc1cccc(NC(=O)CCc2c(C)[nH]c(=S)[nH]c2=O)c1
",2.27061,2.2706099999999996
"COc1ccccc1[C@H]1CCCN1C(=O)[C@@H](C)CCOc1ccccc1
",4.4639,4.463900000000004
"CCNc1ncc(COCC2CCCCC2)s1
",3.6718,3.671800000000003
"CC[C@H](C)C(=O)Nc1ccccn1
",2.0662,2.0662
"O=C([O-])CC1=C(C(=O)[O-])CCCC1
",-1.2531,-1.2530999999999997
"Fc1ccc(C[NH2+]C[C@@H]([C@H]2CCOC2)N2CCOCC2)c(F)c1
",0.7655,0.7655000000000003
"CCc1cc(Cn2cc(N)nn2)n(C)n1
",0.2045,0.20449999999999957
"N#Cc1cccnc1Oc1ccccc1NCc1cccc2ccccc12
",5.51088,5.510880000000003
"O=C(NCc1ccc([N+](=O)[O-])cc1)N[C@@H]1CCCC[C@H]1CO
",1.9451,1.9451000000000005
"C[C@H](NC(=O)NC[C@H](C)C[C@@H](C)O)c1ccc(S(C)(=O)=O)cc1
",1.8573,1.8573000000000002
"CC(C)Oc1ccc(NC(=O)NC[C@H](C)N2CCOCC2)c(F)c1
",2.4551,2.4551000000000007
"COc1ccccc1COC1CCN(C(=O)[C@H]2CCC[C@@H](C)C2)CC1
",4.0291,4.029100000000003
"CC(=O)O[C@H]1CC[C@H]2[C@H]3C[C@H](OC(C)=O)[C@]45C[C@H]4CC[C@]5(C)[C@@H]3CC[C@]12C
",4.5024,4.502400000000004
"CCCn1nnnc1CN1CC[C@]2(C1)NC(=O)N(C(C)C)C2=O
",-0.0122,-0.012199999999998878
"CC1=C(C(=O)OCC(C)C)[C@H](c2cccc(F)c2)c2c(n(C)c(=O)n(C)c2=O)N1
",2.2537,2.2537
"Cc1cc(C)c2c(-c3ccccc3)nc(SCC(=O)NC3CC3)n2n1
",3.38384,3.383840000000001
"COc1cc2c(cc1OC)[C@H](C(=O)[O-])[C@H](c1cccc(Cl)c1)N(C)C2=O
",2.0176,2.0176
"COCCN1C(=O)CC[C@@H]2C[NH+](Cc3cc(C)ccc3C)CC[C@@H]21
",1.34564,1.3456400000000008
"Cc1cnc([C@H](C)NC(=O)NNC(=O)Nc2ccccc2)s1
",2.54842,2.54842
"CNC(=O)c1ccc(NC(=O)c2csc(-c3ccccc3)n2)cc1
",3.422,3.4220000000000015
"CNc1nc(C2CCN(C(=O)Cc3ccccn3)CC2)[nH+]c2c1CN(C(C)=O)CC2
",1.1857,1.1857000000000006
"Cc1cc(C)n(C[C@@H](C)CNC(=O)NCc2cc3ccccc3o2)n1
",3.38164,3.381640000000001
"Cc1nc2n(n1)C[C@H]([NH2+]C[C@@H](O)CN(C)Cc1ccccc1)CC2
",-0.04238,-0.042379999999997864
"c1ccc(Cn2c(SCc3ncon3)nnc2-c2cccs2)cc1
",3.7302,3.7302000000000017
"COc1ccc(-n2nc(C)c3c2C[C@H](c2cc(OC)c(OC)c(OC)c2)CC3=O)cc1
",4.12782,4.127820000000004
"COc1ccc(OC)c(/C=C/C(=O)OCC(C)C)c1
",2.9162,2.9162000000000017
"C[C@H](NC(=O)[C@H]1CC[C@H](C[NH3+])O1)C(=O)N(C)C
",-1.6312,-1.6311999999999978
"Cc1cccc(C(C)C)c1NC(=O)[C@@H](C)Sc1nnc(-c2cccs2)n1N
",4.27152,4.2715200000000015
"Cn1cc(C(=O)Nc2ccccc2C(=O)NCCc2ccccc2)c(=O)c2cccn21
",2.8628,2.862800000000001
"Cc1ccccc1[C@@H]1C[C@H](C)N(C(=O)[C@@H](C)Sc2ccccn2)C1
",4.27522,4.275220000000004
"Cc1occc1C(=O)/C(C#N)=C/c1ccc([C@@H]2C[C@H]2C)o1
",4.0943,4.094300000000003
"CC[C@](C)(C[NH3+])[C@H](O)c1ccc2c(c1)OCO2
",1.1069,1.1068999999999998
"CCc1nn(CC)c(C[C@@]2(C3CC3)CCC[NH2+]2)c1Br
",2.2764,2.2763999999999998
"CC(=O)Nc1ccc(CN2CC[NH+](C3CCCC3)[C@H](CCO)C2)cc1
",1.0391,1.0391000000000004
"COc1ccc([C@H](O)[C@@H](C)NC(=O)[C@@H](C)SC)cc1
",1.9848,1.9848
"CCC(=O)N1CCC[C@@H]1c1cc(C(F)(F)F)c2c(=O)n(C)c(=O)n(C)c2n1
",1.7245,1.7245000000000004
"C[C@H]([NH3+])[C@@H](CC(=O)[O-])c1ccccc1
",-0.4594,-0.4593999999999987
"Cc1ccc([C@H]2C3=C(NC(=O)N2C)c2ccccc2C3=O)cc1
",3.29872,3.298720000000002
"C[C@@]1(Cc2ccc3c(c2)OCO3)CCC(=O)N(CCc2ccc(O)cc2)C1
",3.5348,3.5348000000000024
"Cc1cc(C)cc(O[C@H]2CCCC(C)(C)[C@@H]2O)c1
",3.62184,3.6218400000000024
"Cc1c(-c2nc(-c3cccs3)no2)sc2nc[nH]c(=O)c12
",3.07152,3.0715200000000014
"COc1cc([C@H]2C(C(=O)Nc3ccccn3)=C(C)NC3=C2C(=O)CCC3)ccc1OCc1ccccc1
",5.2758,5.275800000000005
"COc1cc(C)c([C@@H](C)NC2CC[NH+]([C@H]3CCCC[C@@H]3O)CC2)cc1OC
",2.01362,2.01362
"C[C@@H]1CCC[C@@H](NS(=O)(=O)Cc2cccc(N)c2)C1
",2.2669,2.2669000000000006
"CCCN1C(N)=[NH+]C[C@@H]1c1cc(Cl)c2c(c1)OCO2
",0.2307,0.23069999999999946
"CC(C)C[C@@H](NC(=O)[C@@H]1C[C@@H]1c1cccc(Cl)c1Cl)C(=O)Nc1cc[nH]n1
",3.9896,3.989600000000001
"Cc1nc(CCC[NH+]2CCC[C@H]2C(N)=O)cs1
",-0.0832799999999999,-0.08327999999999902
"NC(=O)COc1cccc(CNC(=O)c2cc3cc(Cl)ccc3[nH]2)c1
",2.6154,2.6154
"COc1ccc(CNC(=O)c2cc(=O)c3ccc(Br)cc3o2)cc1
",3.4941,3.494100000000002
"CC[C@@H](C)c1ccccc1N1C[C@H](C(=O)N2CCN(C)CC2)CC1=O
",2.327,2.327
"CC[NH2+][C@H](Cc1ccccc1Cl)[C@H]1C[NH+](C)CCN1C
",-0.3369,-0.3368999999999973
"C[NH+]1CCC(N[C@@H]2CC(=O)N(CCc3cccc(Cl)c3)C2)CC1
",0.7501,0.7501000000000013
"CCN1CC(=O)Nc2cc(C(=O)NC3CC[NH+](C4CCCC4)CC3)ccc21
",1.1847,1.184700000000001
"COc1ccc(Br)cc1/C=C/C(=O)N1CCN(C(=O)c2ccccc2)CC1
",3.4555,3.4555000000000016
"NC(=O)COc1ccc(C(=O)N[C@H]2CCCc3ccccc32)cc1
",2.3581,2.3581000000000003
"O=C(COc1ncnc2ccc(Br)cc12)Nc1ccccc1Cl
",4.0632,4.063200000000002
"C[C@@H](c1ccc(Cl)cc1Cl)N(C)C(=O)c1ccc(NC(N)=O)cc1
",4.3172,4.317200000000003
"Cc1ccc(N2C(=O)[C@@H](Cc3cccc(C)c3)S/C2=C(/C#N)C(N)=O)cc1
",3.21502,3.215020000000001
"CC(C)CN(C(=O)NCc1ccc(C(F)(F)F)cc1)C1CC1
",4.0354,4.035400000000003
"ClCCc1nc2cccnc2n1CCn1cccn1
",2.1093,2.1093
"CC[C@@](C)([C@@H]([NH3+])c1cc(Br)ccc1F)N1CCOCC1
",2.3721,2.3721000000000005
"Cc1ccc(NC(=O)c2cc3ccccc3oc2=O)c([N+](=O)[O-])c1
",3.26192,3.2619200000000017
"CC1(C)OC[C@H]([C@H]2O[C@@H]3OC(C)(C)O[C@@H]3[C@H]2OS(C)(=O)=O)O1
",0.3591,0.35910000000000064
"Cc1cccc([C@H](CCl)CCC[C@@H]2CCCO2)c1
",4.66672,4.666720000000004
